,index,benchmark,label,runtime,runtime_label,error,error_label,runtime_pred,error_pred,runtime_score,error_score
0,0,lulesh,VALID,16.594565999999997,0,6.5483618527651e-11,1,-1.0,-1.0,,
1,1,lulesh,FAIL,9999.0,0,,0,-1.0,-1.0,-1.0,-1.0
2,2,lulesh,FAIL,9999.0,0,,0,-1.0,-1.0,-1.0,-1.0
3,3,lulesh,FAIL,9999.0,0,,0,-1.0,-1.0,-1.0,-1.0
4,4,lulesh,FAIL,9999.0,0,,0,-1.0,-1.0,-1.0,-1.0
5,5,lulesh,FAIL,9999.0,0,,0,-1.0,-1.0,-1.0,-1.0
6,6,lulesh,FAIL,9999.0,0,,0,-1.0,-1.0,-1.0,-1.0
7,7,lulesh,FAIL,9999.0,0,,0,-1.0,-1.0,-1.0,-1.0
8,8,lulesh,FAIL,9999.0,0,,0,-1.0,-1.0,-1.0,-1.0
9,9,lulesh,FAIL,9999.0,0,,0,-1.0,-1.0,-1.0,-1.0
10,10,lulesh,FAIL,9999.0,0,,0,-1.0,-1.0,-1.0,-1.0
11,11,lulesh,FAIL,9999.0,0,,0,-1.0,-1.0,-1.0,-1.0
12,12,lulesh,FAIL,9999.0,0,,0,-1.0,-1.0,-1.0,-1.0
13,13,lulesh,INVALID,17.440314,0,0.00042697942353698,0,-1.0,-1.0,-1.0,-1.0
14,14,lulesh,FAIL,9999.0,0,,0,-1.0,-1.0,-1.0,-1.0
15,15,lulesh,FAIL,9999.0,0,,0,-1.0,-1.0,-1.0,-1.0
16,16,lulesh,FAIL,9999.0,0,,0,-1.0,-1.0,-1.0,-1.0
17,17,lulesh,FAIL,9999.0,0,,0,-1.0,-1.0,-1.0,-1.0
18,18,lulesh,FAIL,9999.0,0,,0,-1.0,-1.0,-1.0,-1.0
19,19,lulesh,INVALID,2.539999,1,0.0,0,-1.0,-1.0,-1.0,-1.0
20,20,lulesh,FAIL,9999.0,0,,0,-1.0,-1.0,-1.0,-1.0
21,21,lulesh,FAIL,9999.0,0,,0,-1.0,-1.0,-1.0,-1.0
22,22,lulesh,FAIL,9999.0,0,,0,-1.0,-1.0,-1.0,-1.0
23,23,lulesh,FAIL,9999.0,0,,0,-1.0,-1.0,-1.0,-1.0
24,24,lulesh,FAIL,9999.0,0,,0,-1.0,-1.0,-1.0,-1.0
25,25,lulesh,FAIL,9999.0,0,,0,-1.0,-1.0,-1.0,-1.0
26,26,lulesh,FAIL,9999.0,0,,0,-1.0,-1.0,-1.0,-1.0
27,27,lulesh,INVALID,17.568313,0,5895.1887713915,0,-1.0,-1.0,-1.0,-1.0
28,28,lulesh,FAIL,9999.0,0,,0,-1.0,-1.0,-1.0,-1.0
29,29,lulesh,VALID,24.55428,0,2.1592881239485e-05,1,-1.0,-1.0,-1.0,-1.0
30,30,lulesh,FAIL,9999.0,0,,0,-1.0,-1.0,-1.0,-1.0
31,31,lulesh,FAIL,9999.0,0,,0,-1.0,-1.0,-1.0,-1.0
32,32,lulesh,FAIL,9999.0,0,,0,-1.0,-1.0,-1.0,-1.0
33,33,lulesh,INVALID,13.370471,1,0.00026508418886806,0,-1.0,-1.0,-1.0,-1.0
34,34,lulesh,FAIL,9999.0,0,,0,-1.0,-1.0,-1.0,-1.0
35,35,lulesh,FAIL,9999.0,0,,0,-1.0,-1.0,-1.0,-1.0
36,36,lulesh,FAIL,9999.0,0,,0,-1.0,-1.0,-1.0,-1.0
37,37,lulesh,FAIL,9999.0,0,,0,-1.0,-1.0,-1.0,-1.0
38,38,lulesh,FAIL,9999.0,0,,0,-1.0,-1.0,-1.0,-1.0
39,39,lulesh,INVALID,0.639786,1,0.0,0,-1.0,-1.0,-1.0,-1.0
40,40,lulesh,FAIL,9999.0,0,,0,-1.0,-1.0,-1.0,-1.0
41,41,lulesh,FAIL,9999.0,0,,0,-1.0,-1.0,-1.0,-1.0
42,42,lulesh,FAIL,9999.0,0,,0,-1.0,-1.0,-1.0,-1.0
43,43,lulesh,FAIL,9999.0,0,,0,-1.0,-1.0,-1.0,-1.0
44,44,lulesh,FAIL,9999.0,0,,0,-1.0,-1.0,-1.0,-1.0
45,45,lulesh,FAIL,9999.0,0,,0,-1.0,-1.0,-1.0,-1.0
46,46,lulesh,FAIL,9999.0,0,,0,-1.0,-1.0,-1.0,-1.0
47,47,lulesh,VALID,14.0202564,1,1.0459871191415e-06,1,-1.0,-1.0,-1.0,-1.0
48,48,lulesh,FAIL,9999.0,0,,0,-1.0,-1.0,-1.0,-1.0
49,49,lulesh,INVALID,13.441248,1,0.00015143896598602,0,-1.0,-1.0,-1.0,-1.0
50,50,lulesh,FAIL,9999.0,0,,0,-1.0,-1.0,-1.0,-1.0
51,51,lulesh,FAIL,9999.0,0,,0,-1.0,-1.0,-1.0,-1.0
52,52,lulesh,FAIL,9999.0,0,,0,-1.0,-1.0,-1.0,-1.0
53,53,lulesh,INVALID,12.952563,1,0.0047127860179899,0,-1.0,-1.0,-1.0,-1.0
54,54,lulesh,FAIL,9999.0,0,,0,-1.0,-1.0,-1.0,-1.0
55,55,lulesh,FAIL,9999.0,0,,0,-1.0,-1.0,-1.0,-1.0
56,56,lulesh,FAIL,9999.0,0,,0,-1.0,-1.0,-1.0,-1.0
57,57,lulesh,FAIL,9999.0,0,,0,-1.0,-1.0,-1.0,-1.0
58,58,lulesh,FAIL,9999.0,0,,0,-1.0,-1.0,-1.0,-1.0
59,59,lulesh,FAIL,9999.0,0,,0,-1.0,-1.0,-1.0,-1.0
60,60,lulesh,FAIL,9999.0,0,,0,-1.0,-1.0,-1.0,-1.0
61,61,lulesh,FAIL,9999.0,0,,0,-1.0,-1.0,-1.0,-1.0
62,62,lulesh,FAIL,9999.0,0,,0,-1.0,-1.0,-1.0,-1.0
63,63,lulesh,FAIL,9999.0,0,,0,-1.0,-1.0,-1.0,-1.0
64,64,lulesh,FAIL,9999.0,0,,0,-1.0,-1.0,-1.0,-1.0
65,65,lulesh,INVALID,13.581708,1,0.0010999961668858,0,-1.0,-1.0,-1.0,-1.0
66,66,lulesh,FAIL,9999.0,0,,0,-1.0,-1.0,-1.0,-1.0
67,67,lulesh,FAIL,9999.0,0,,0,-1.0,-1.0,-1.0,-1.0
68,68,lulesh,FAIL,9999.0,0,,0,-1.0,-1.0,-1.0,-1.0
69,69,lulesh,FAIL,9999.0,0,,0,-1.0,-1.0,-1.0,-1.0
70,70,lulesh,FAIL,9999.0,0,,0,-1.0,-1.0,-1.0,-1.0
71,71,lulesh,INVALID,0.604264,1,0.0,0,-1.0,-1.0,-1.0,-1.0
72,72,lulesh,FAIL,9999.0,0,,0,-1.0,-1.0,-1.0,-1.0
73,73,lulesh,FAIL,9999.0,0,,0,-1.0,-1.0,-1.0,-1.0
74,74,lulesh,FAIL,9999.0,0,,0,-1.0,-1.0,-1.0,-1.0
75,75,lulesh,FAIL,9999.0,0,,0,-1.0,-1.0,-1.0,-1.0
76,76,lulesh,FAIL,9999.0,0,,0,-1.0,-1.0,-1.0,-1.0
77,77,lulesh,FAIL,9999.0,0,,0,-1.0,-1.0,-1.0,-1.0
78,78,lulesh,FAIL,9999.0,0,,0,-1.0,-1.0,-1.0,-1.0
79,79,lulesh,INVALID,13.580769,1,0.043785480746806,0,-1.0,-1.0,-1.0,-1.0
80,80,lulesh,FAIL,9999.0,0,,0,-1.0,-1.0,-1.0,-1.0
81,81,lulesh,VALID,14.579701,1,9.5477116701659e-06,1,-1.0,-1.0,-1.0,-1.0
82,82,lulesh,FAIL,9999.0,0,,0,-1.0,-1.0,-1.0,-1.0
83,83,lulesh,FAIL,9999.0,0,,0,-1.0,-1.0,-1.0,-1.0
84,84,lulesh,FAIL,9999.0,0,,0,-1.0,-1.0,-1.0,-1.0
85,85,lulesh,INVALID,17.886913,0,0.00016343708557542,0,-1.0,-1.0,-1.0,-1.0
86,86,lulesh,FAIL,9999.0,0,,0,-1.0,-1.0,-1.0,-1.0
87,87,lulesh,FAIL,9999.0,0,,0,-1.0,-1.0,-1.0,-1.0
88,88,lulesh,FAIL,9999.0,0,,0,-1.0,-1.0,-1.0,-1.0
89,89,lulesh,FAIL,9999.0,0,,0,-1.0,-1.0,-1.0,-1.0
90,90,lulesh,FAIL,9999.0,0,,0,-1.0,-1.0,-1.0,-1.0
91,91,lulesh,INVALID,0.635386,1,0.0,0,-1.0,-1.0,-1.0,-1.0
92,92,lulesh,FAIL,9999.0,0,,0,-1.0,-1.0,-1.0,-1.0
93,93,lulesh,FAIL,9999.0,0,,0,-1.0,-1.0,-1.0,-1.0
94,94,lulesh,FAIL,9999.0,0,,0,-1.0,-1.0,-1.0,-1.0
95,95,lulesh,FAIL,9999.0,0,,0,-1.0,-1.0,-1.0,-1.0
96,96,lulesh,FAIL,9999.0,0,,0,-1.0,-1.0,-1.0,-1.0
97,97,lulesh,FAIL,9999.0,0,,0,-1.0,-1.0,-1.0,-1.0
98,98,lulesh,FAIL,9999.0,0,,0,-1.0,-1.0,-1.0,-1.0
99,99,lulesh,FAIL,9999.0,0,,0,-1.0,-1.0,-1.0,-1.0
100,100,lulesh,FAIL,9999.0,0,,0,-1.0,-1.0,-1.0,-1.0
101,101,lulesh,FAIL,9999.0,0,,0,-1.0,-1.0,-1.0,-1.0
102,102,lulesh,FAIL,9999.0,0,,0,-1.0,-1.0,-1.0,-1.0
103,103,lulesh,FAIL,9999.0,0,,0,-1.0,-1.0,-1.0,-1.0
104,104,lulesh,FAIL,9999.0,0,,0,-1.0,-1.0,-1.0,-1.0
105,105,lulesh,VALID,14.156552799999996,1,5.076779416413e-06,1,-1.0,-1.0,-1.0,-1.0
106,106,lulesh,FAIL,9999.0,0,,0,-1.0,-1.0,-1.0,-1.0
107,107,lulesh,VALID,15.1998044,1,1.5172869098024e-05,1,-1.0,-1.0,-1.0,-1.0
108,108,lulesh,FAIL,9999.0,0,,0,-1.0,-1.0,-1.0,-1.0
109,109,lulesh,FAIL,9999.0,0,,0,-1.0,-1.0,-1.0,-1.0
110,110,lulesh,FAIL,9999.0,0,,0,-1.0,-1.0,-1.0,-1.0
111,111,lulesh,FAIL,9999.0,0,,0,-1.0,-1.0,-1.0,-1.0
112,112,lulesh,FAIL,9999.0,0,,0,-1.0,-1.0,-1.0,-1.0
113,113,lulesh,FAIL,9999.0,0,,0,-1.0,-1.0,-1.0,-1.0
114,114,lulesh,FAIL,9999.0,0,,0,-1.0,-1.0,-1.0,-1.0
115,115,lulesh,INVALID,18.684345,0,0.00025207933140337,0,-1.0,-1.0,-1.0,-1.0
116,116,lulesh,FAIL,9999.0,0,,0,-1.0,-1.0,-1.0,-1.0
117,117,lulesh,FAIL,9999.0,0,,0,-1.0,-1.0,-1.0,-1.0
118,118,lulesh,FAIL,9999.0,0,,0,-1.0,-1.0,-1.0,-1.0
119,119,lulesh,FAIL,9999.0,0,,0,-1.0,-1.0,-1.0,-1.0
120,120,lulesh,FAIL,9999.0,0,,0,-1.0,-1.0,-1.0,-1.0
121,121,lulesh,INVALID,0.69266,1,0.0,0,-1.0,-1.0,-1.0,-1.0
122,122,lulesh,FAIL,9999.0,0,,0,-1.0,-1.0,-1.0,-1.0
123,123,lulesh,VALID,13.672110999999996,1,6.1465954786399e-05,1,-1.0,-1.0,-1.0,-1.0
124,124,lulesh,FAIL,9999.0,0,,0,-1.0,-1.0,-1.0,-1.0
125,125,lulesh,FAIL,9999.0,0,,0,-1.0,-1.0,-1.0,-1.0
126,126,lulesh,FAIL,9999.0,0,,0,-1.0,-1.0,-1.0,-1.0
127,127,lulesh,FAIL,9999.0,0,,0,-1.0,-1.0,-1.0,-1.0
128,128,lulesh,FAIL,9999.0,0,,0,-1.0,-1.0,-1.0,-1.0
129,129,lulesh,INVALID,13.570953,1,0.00023788869657437,0,-1.0,-1.0,-1.0,-1.0
130,130,lulesh,FAIL,9999.0,0,,0,-1.0,-1.0,-1.0,-1.0
131,131,lulesh,FAIL,9999.0,0,,0,-1.0,-1.0,-1.0,-1.0
132,132,lulesh,FAIL,9999.0,0,,0,-1.0,-1.0,-1.0,-1.0
133,133,lulesh,VALID,13.6706918,1,1.0459871191415e-06,1,-1.0,-1.0,-1.0,-1.0
134,134,lulesh,FAIL,9999.0,0,,0,-1.0,-1.0,-1.0,-1.0
135,135,lulesh,FAIL,9999.0,0,,0,-1.0,-1.0,-1.0,-1.0
136,136,lulesh,FAIL,9999.0,0,,0,-1.0,-1.0,-1.0,-1.0
137,137,lulesh,INVALID,13.857553,1,2099.0302850351,0,-1.0,-1.0,-1.0,-1.0
138,138,lulesh,FAIL,9999.0,0,,0,-1.0,-1.0,-1.0,-1.0
139,139,lulesh,INVALID,13.226042,1,0.043785480746806,0,-1.0,-1.0,-1.0,-1.0
140,140,lulesh,FAIL,9999.0,0,,0,-1.0,-1.0,-1.0,-1.0
141,141,lulesh,FAIL,9999.0,0,,0,-1.0,-1.0,-1.0,-1.0
142,142,lulesh,FAIL,9999.0,0,,0,-1.0,-1.0,-1.0,-1.0
143,143,lulesh,FAIL,9999.0,0,,0,-1.0,-1.0,-1.0,-1.0
144,144,lulesh,FAIL,9999.0,0,,0,-1.0,-1.0,-1.0,-1.0
145,145,lulesh,FAIL,9999.0,0,,0,-1.0,-1.0,-1.0,-1.0
146,146,lulesh,FAIL,9999.0,0,,0,-1.0,-1.0,-1.0,-1.0
147,147,lulesh,FAIL,9999.0,0,,0,-1.0,-1.0,-1.0,-1.0
148,148,lulesh,FAIL,9999.0,0,,0,-1.0,-1.0,-1.0,-1.0
149,149,lulesh,FAIL,9999.0,0,,0,-1.0,-1.0,-1.0,-1.0
150,150,lulesh,FAIL,9999.0,0,,0,-1.0,-1.0,-1.0,-1.0
151,151,lulesh,INVALID,16.072541,1,0.0010999961668858,0,-1.0,-1.0,-1.0,-1.0
152,152,lulesh,FAIL,9999.0,0,,0,-1.0,-1.0,-1.0,-1.0
153,153,lulesh,FAIL,9999.0,0,,0,-1.0,-1.0,-1.0,-1.0
154,154,lulesh,FAIL,9999.0,0,,0,-1.0,-1.0,-1.0,-1.0
155,155,lulesh,FAIL,9999.0,0,,0,-1.0,-1.0,-1.0,-1.0
156,156,lulesh,FAIL,9999.0,0,,0,-1.0,-1.0,-1.0,-1.0
157,157,lulesh,INVALID,0.704198,1,0.0,0,-1.0,-1.0,-1.0,-1.0
158,158,lulesh,FAIL,9999.0,0,,0,-1.0,-1.0,-1.0,-1.0
159,159,lulesh,FAIL,9999.0,0,,0,-1.0,-1.0,-1.0,-1.0
160,160,lulesh,FAIL,9999.0,0,,0,-1.0,-1.0,-1.0,-1.0
161,161,lulesh,FAIL,9999.0,0,,0,-1.0,-1.0,-1.0,-1.0
162,162,lulesh,FAIL,9999.0,0,,0,-1.0,-1.0,-1.0,-1.0
163,163,lulesh,INVALID,14.461612,1,5011.4373840264,0,-1.0,-1.0,-1.0,-1.0
164,164,lulesh,FAIL,9999.0,0,,0,-1.0,-1.0,-1.0,-1.0
165,165,lulesh,VALID,13.514738,1,9.5477116701659e-06,1,-1.0,-1.0,-1.0,-1.0
166,166,lulesh,FAIL,9999.0,0,,0,-1.0,-1.0,-1.0,-1.0
167,167,lulesh,FAIL,9999.0,0,,0,-1.0,-1.0,-1.0,-1.0
168,168,lulesh,FAIL,9999.0,0,,0,-1.0,-1.0,-1.0,-1.0
169,169,lulesh,INVALID,14.105276,1,0.00016343708557542,0,-1.0,-1.0,-1.0,-1.0
170,170,lulesh,FAIL,9999.0,0,,0,-1.0,-1.0,-1.0,-1.0
171,171,lulesh,FAIL,9999.0,0,,0,-1.0,-1.0,-1.0,-1.0
172,172,lulesh,FAIL,9999.0,0,,0,-1.0,-1.0,-1.0,-1.0
173,173,lulesh,FAIL,9999.0,0,,0,-1.0,-1.0,-1.0,-1.0
174,174,lulesh,FAIL,9999.0,0,,0,-1.0,-1.0,-1.0,-1.0
175,175,lulesh,INVALID,0.7023,1,0.0,0,-1.0,-1.0,-1.0,-1.0
176,176,lulesh,FAIL,9999.0,0,,0,-1.0,-1.0,-1.0,-1.0
177,177,lulesh,FAIL,9999.0,0,,0,-1.0,-1.0,-1.0,-1.0
178,178,lulesh,FAIL,9999.0,0,,0,-1.0,-1.0,-1.0,-1.0
179,179,lulesh,FAIL,9999.0,0,,0,-1.0,-1.0,-1.0,-1.0
180,180,lulesh,FAIL,9999.0,0,,0,-1.0,-1.0,-1.0,-1.0
181,181,lulesh,FAIL,9999.0,0,,0,-1.0,-1.0,-1.0,-1.0
182,182,lulesh,FAIL,9999.0,0,,0,-1.0,-1.0,-1.0,-1.0
183,183,lulesh,FAIL,9999.0,0,,0,-1.0,-1.0,-1.0,-1.0
184,184,lulesh,FAIL,9999.0,0,,0,-1.0,-1.0,-1.0,-1.0
185,185,lulesh,INVALID,13.25738,1,2099.0302850351,0,-1.0,-1.0,-1.0,-1.0
186,186,lulesh,FAIL,9999.0,0,,0,-1.0,-1.0,-1.0,-1.0
187,187,lulesh,INVALID,12.984421,1,0.043785480746806,0,-1.0,-1.0,-1.0,-1.0
188,188,lulesh,FAIL,9999.0,0,,0,-1.0,-1.0,-1.0,-1.0
189,189,lulesh,FAIL,9999.0,0,,0,-1.0,-1.0,-1.0,-1.0
190,190,lulesh,FAIL,9999.0,0,,0,-1.0,-1.0,-1.0,-1.0
191,191,lulesh,FAIL,9999.0,0,,0,-1.0,-1.0,-1.0,-1.0
192,192,lulesh,FAIL,9999.0,0,,0,-1.0,-1.0,-1.0,-1.0
193,193,lulesh,FAIL,9999.0,0,,0,-1.0,-1.0,-1.0,-1.0
194,194,lulesh,FAIL,9999.0,0,,0,-1.0,-1.0,-1.0,-1.0
195,195,lulesh,FAIL,9999.0,0,,0,-1.0,-1.0,-1.0,-1.0
196,196,lulesh,FAIL,9999.0,0,,0,-1.0,-1.0,-1.0,-1.0
197,197,lulesh,FAIL,9999.0,0,,0,-1.0,-1.0,-1.0,-1.0
198,198,lulesh,FAIL,9999.0,0,,0,-1.0,-1.0,-1.0,-1.0
199,199,lulesh,FAIL,9999.0,0,,0,-1.0,-1.0,-1.0,-1.0
200,200,lulesh,FAIL,9999.0,0,,0,-1.0,-1.0,-1.0,-1.0
201,201,lulesh,FAIL,9999.0,0,,0,-1.0,-1.0,-1.0,-1.0
202,202,lulesh,FAIL,9999.0,0,,0,-1.0,-1.0,-1.0,-1.0
203,203,lulesh,FAIL,9999.0,0,,0,-1.0,-1.0,-1.0,-1.0
204,204,lulesh,FAIL,9999.0,0,,0,-1.0,-1.0,-1.0,-1.0
205,205,lulesh,INVALID,0.708644,1,0.0,0,-1.0,-1.0,-1.0,-1.0
206,206,lulesh,FAIL,9999.0,0,,0,-1.0,-1.0,-1.0,-1.0
207,207,lulesh,FAIL,9999.0,0,,0,-1.0,-1.0,-1.0,-1.0
208,208,lulesh,FAIL,9999.0,0,,0,-1.0,-1.0,-1.0,-1.0
209,209,lulesh,FAIL,9999.0,0,,0,-1.0,-1.0,-1.0,-1.0
210,210,lulesh,FAIL,9999.0,0,,0,-1.0,-1.0,-1.0,-1.0
211,211,lulesh,FAIL,9999.0,0,,0,-1.0,-1.0,-1.0,-1.0
212,212,lulesh,FAIL,9999.0,0,,0,-1.0,-1.0,-1.0,-1.0
213,213,lulesh,INVALID,12.844798,1,0.011847879140987,0,-1.0,-1.0,-1.0,-1.0
214,214,lulesh,FAIL,9999.0,0,,0,-1.0,-1.0,-1.0,-1.0
215,215,lulesh,INVALID,15.618286,1,0.0010999961668858,0,-1.0,-1.0,-1.0,-1.0
216,216,lulesh,FAIL,9999.0,0,,0,-1.0,-1.0,-1.0,-1.0
217,217,lulesh,FAIL,9999.0,0,,0,-1.0,-1.0,-1.0,-1.0
218,218,lulesh,FAIL,9999.0,0,,0,-1.0,-1.0,-1.0,-1.0
219,219,lulesh,VALID,13.2515946,1,3.2360398108722e-05,1,-1.0,-1.0,-1.0,-1.0
220,220,lulesh,FAIL,9999.0,0,,0,-1.0,-1.0,-1.0,-1.0
221,221,lulesh,FAIL,9999.0,0,,0,-1.0,-1.0,-1.0,-1.0
222,222,lulesh,FAIL,9999.0,0,,0,-1.0,-1.0,-1.0,-1.0
223,223,lulesh,FAIL,9999.0,0,,0,-1.0,-1.0,-1.0,-1.0
224,224,lulesh,FAIL,9999.0,0,,0,-1.0,-1.0,-1.0,-1.0
225,225,lulesh,FAIL,9999.0,0,,0,-1.0,-1.0,-1.0,-1.0
226,226,lulesh,FAIL,9999.0,0,,0,-1.0,-1.0,-1.0,-1.0
227,227,lulesh,INVALID,0.715593,1,0.0,0,-1.0,-1.0,-1.0,-1.0
228,228,lulesh,FAIL,9999.0,0,,0,-1.0,-1.0,-1.0,-1.0
229,229,lulesh,INVALID,24.873391,0,0.00017227695207112,0,-1.0,-1.0,-1.0,-1.0
230,230,lulesh,FAIL,9999.0,0,,0,-1.0,-1.0,-1.0,-1.0
231,231,lulesh,FAIL,9999.0,0,,0,-1.0,-1.0,-1.0,-1.0
232,232,lulesh,FAIL,9999.0,0,,0,-1.0,-1.0,-1.0,-1.0
233,233,lulesh,FAIL,9999.0,0,,0,-1.0,-1.0,-1.0,-1.0
234,234,lulesh,FAIL,9999.0,0,,0,-1.0,-1.0,-1.0,-1.0
235,235,lulesh,INVALID,24.954453,0,0.00084425757813733,0,-1.0,-1.0,-1.0,-1.0
236,236,lulesh,FAIL,9999.0,0,,0,-1.0,-1.0,-1.0,-1.0
237,237,lulesh,FAIL,9999.0,0,,0,-1.0,-1.0,-1.0,-1.0
238,238,lulesh,FAIL,9999.0,0,,0,-1.0,-1.0,-1.0,-1.0
239,239,lulesh,INVALID,19.128461,0,0.0002475586879882,0,-1.0,-1.0,-1.0,-1.0
240,240,lulesh,FAIL,9999.0,0,,0,-1.0,-1.0,-1.0,-1.0
241,241,lulesh,FAIL,9999.0,0,,0,-1.0,-1.0,-1.0,-1.0
242,242,lulesh,FAIL,9999.0,0,,0,-1.0,-1.0,-1.0,-1.0
243,243,lulesh,VALID,15.4260128,1,9.5477116701659e-06,1,-1.0,-1.0,-1.0,-1.0
244,244,lulesh,FAIL,9999.0,0,,0,-1.0,-1.0,-1.0,-1.0
245,245,lulesh,INVALID,13.132736,1,0.011847879140987,0,-1.0,-1.0,-1.0,-1.0
246,246,lulesh,FAIL,9999.0,0,,0,-1.0,-1.0,-1.0,-1.0
247,247,lulesh,FAIL,9999.0,0,,0,-1.0,-1.0,-1.0,-1.0
248,248,lulesh,FAIL,9999.0,0,,0,-1.0,-1.0,-1.0,-1.0
249,249,lulesh,FAIL,9999.0,0,,0,-1.0,-1.0,-1.0,-1.0
250,250,lulesh,FAIL,9999.0,0,,0,-1.0,-1.0,-1.0,-1.0
251,251,lulesh,FAIL,9999.0,0,,0,-1.0,-1.0,-1.0,-1.0
252,252,lulesh,FAIL,9999.0,0,,0,-1.0,-1.0,-1.0,-1.0
253,253,lulesh,FAIL,9999.0,0,,0,-1.0,-1.0,-1.0,-1.0
254,254,lulesh,FAIL,9999.0,0,,0,-1.0,-1.0,-1.0,-1.0
255,255,lulesh,FAIL,9999.0,0,,0,-1.0,-1.0,-1.0,-1.0
256,256,lulesh,FAIL,9999.0,0,,0,-1.0,-1.0,-1.0,-1.0
257,257,lulesh,FAIL,9999.0,0,,0,-1.0,-1.0,-1.0,-1.0
258,258,lulesh,FAIL,9999.0,0,,0,-1.0,-1.0,-1.0,-1.0
259,259,lulesh,FAIL,9999.0,0,,0,-1.0,-1.0,-1.0,-1.0
260,260,lulesh,FAIL,9999.0,0,,0,-1.0,-1.0,-1.0,-1.0
261,261,lulesh,INVALID,0.701128,1,0.0,0,-1.0,-1.0,-1.0,-1.0
262,262,lulesh,FAIL,9999.0,0,,0,-1.0,-1.0,-1.0,-1.0
263,263,lulesh,FAIL,9999.0,0,,0,-1.0,-1.0,-1.0,-1.0
264,264,lulesh,FAIL,9999.0,0,,0,-1.0,-1.0,-1.0,-1.0
265,265,lulesh,FAIL,9999.0,0,,0,-1.0,-1.0,-1.0,-1.0
266,266,lulesh,FAIL,9999.0,0,,0,-1.0,-1.0,-1.0,-1.0
267,267,lulesh,FAIL,9999.0,0,,0,-1.0,-1.0,-1.0,-1.0
268,268,lulesh,FAIL,9999.0,0,,0,-1.0,-1.0,-1.0,-1.0
269,269,lulesh,FAIL,9999.0,0,,0,-1.0,-1.0,-1.0,-1.0
270,270,lulesh,FAIL,9999.0,0,,0,-1.0,-1.0,-1.0,-1.0
271,271,lulesh,INVALID,13.491937,1,0.024459676180413,0,-1.0,-1.0,-1.0,-1.0
272,272,lulesh,FAIL,9999.0,0,,0,-1.0,-1.0,-1.0,-1.0
273,273,lulesh,INVALID,15.112533,1,0.00075247883069096,0,-1.0,-1.0,-1.0,-1.0
274,274,lulesh,FAIL,9999.0,0,,0,-1.0,-1.0,-1.0,-1.0
275,275,lulesh,FAIL,9999.0,0,,0,-1.0,-1.0,-1.0,-1.0
276,276,lulesh,FAIL,9999.0,0,,0,-1.0,-1.0,-1.0,-1.0
277,277,lulesh,FAIL,9999.0,0,,0,-1.0,-1.0,-1.0,-1.0
278,278,lulesh,FAIL,9999.0,0,,0,-1.0,-1.0,-1.0,-1.0
279,279,lulesh,FAIL,9999.0,0,,0,-1.0,-1.0,-1.0,-1.0
280,280,lulesh,FAIL,9999.0,0,,0,-1.0,-1.0,-1.0,-1.0
281,281,lulesh,FAIL,9999.0,0,,0,-1.0,-1.0,-1.0,-1.0
282,282,lulesh,FAIL,9999.0,0,,0,-1.0,-1.0,-1.0,-1.0
283,283,lulesh,INVALID,0.701266,1,0.0,0,-1.0,-1.0,-1.0,-1.0
284,284,lulesh,FAIL,9999.0,0,,0,-1.0,-1.0,-1.0,-1.0
285,285,lulesh,INVALID,13.356094,1,0.00012307855649851,0,-1.0,-1.0,-1.0,-1.0
286,286,lulesh,FAIL,9999.0,0,,0,-1.0,-1.0,-1.0,-1.0
287,287,lulesh,FAIL,9999.0,0,,0,-1.0,-1.0,-1.0,-1.0
288,288,lulesh,FAIL,9999.0,0,,0,-1.0,-1.0,-1.0,-1.0
289,289,lulesh,FAIL,9999.0,0,,0,-1.0,-1.0,-1.0,-1.0
290,290,lulesh,FAIL,9999.0,0,,0,-1.0,-1.0,-1.0,-1.0
291,291,lulesh,INVALID,13.653978,1,0.00055261189481826,0,-1.0,-1.0,-1.0,-1.0
292,292,lulesh,FAIL,9999.0,0,,0,-1.0,-1.0,-1.0,-1.0
293,293,lulesh,FAIL,9999.0,0,,0,-1.0,-1.0,-1.0,-1.0
294,294,lulesh,FAIL,9999.0,0,,0,-1.0,-1.0,-1.0,-1.0
295,295,lulesh,FAIL,9999.0,0,,0,-1.0,-1.0,-1.0,-1.0
296,296,lulesh,FAIL,9999.0,0,,0,-1.0,-1.0,-1.0,-1.0
297,297,lulesh,FAIL,9999.0,0,,0,-1.0,-1.0,-1.0,-1.0
298,298,lulesh,FAIL,9999.0,0,,0,-1.0,-1.0,-1.0,-1.0
299,299,lulesh,VALID,16.2217344,1,3.2360398108722e-05,1,-1.0,-1.0,-1.0,-1.0
300,300,lulesh,FAIL,9999.0,0,,0,-1.0,-1.0,-1.0,-1.0
301,301,lulesh,INVALID,13.043981,1, 2.4459676180413E-02,0,1.0,1.0,0.5711919665336609,0.5617111921310425
302,302,lulesh,FAIL,9999.0,0,,0,-1.0,-1.0,-1.0,-1.0
303,303,lulesh,VALID,13.1360348,1, 1.9434351997916E-05,1,1.0,1.0,0.5185246467590332,0.5172426104545593
304,304,lulesh,FAIL,9999.0,0,,0,-1.0,-1.0,-1.0,-1.0
305,305,lulesh,INVALID,13.906906,1, 6.9742817959195E-04,0,1.0,1.0,0.5447815656661987,0.5372501611709595
306,306,lulesh,FAIL,9999.0,0,,0,-1.0,-1.0,-1.0,-1.0
307,307,lulesh,FAIL,9999.0,0,,0,1.0,1.0,0.5613782405853271,0.5461919903755188
308,308,lulesh,FAIL,9999.0,0,,0,-1.0,-1.0,-1.0,-1.0
309,309,lulesh,INVALID,12.785191,1, 3.0176609652699E-04,0,1.0,1.0,0.5101621150970459,0.5006657838821411
310,310,lulesh,FAIL,9999.0,0,,0,-1.0,-1.0,-1.0,-1.0
311,311,lulesh,FAIL,-1.0,-1,-1,-1,0.0,0.0,0.3760913610458374,0.27033260464668274
312,312,lulesh,FAIL,9999.0,0,,0,-1.0,-1.0,-1.0,-1.0
313,313,lulesh,FAIL,-1.0,-1,-1,-1,0.0,0.0,0.23039360344409943,0.22294726967811584
314,314,lulesh,FAIL,9999.0,0,,0,-1.0,-1.0,-1.0,-1.0
315,315,lulesh,INVALID,-1.0,-1,-1,-1,1.0,0.0,0.42074573040008545,0.48275041580200195
316,316,lulesh,FAIL,9999.0,0,,0,-1.0,-1.0,-1.0,-1.0
317,317,lulesh,FAIL,9999.0,0,,0,-1.0,-1.0,-1.0,-1.0
318,318,lulesh,FAIL,9999.0,0,,0,-1.0,-1.0,-1.0,-1.0
319,319,lulesh,INVALID,-1.0,-1,-1,-1,1.0,0.0,0.4411589801311493,0.47449132800102234
320,320,lulesh,FAIL,9999.0,0,,0,-1.0,-1.0,-1.0,-1.0
321,321,lulesh,FAIL,9999.0,0,,0,-1.0,-1.0,-1.0,-1.0
322,322,lulesh,FAIL,9999.0,0,,0,-1.0,-1.0,-1.0,-1.0
323,323,lulesh,VALID,13.190839399999998,1, 3.2360398108722E-05,1,1.0,1.0,0.4790862202644348,0.5408419370651245
324,324,lulesh,FAIL,9999.0,0,,0,-1.0,-1.0,-1.0,-1.0
325,325,lulesh,FAIL,9999.0,0,,0,-1.0,-1.0,-1.0,-1.0
326,326,lulesh,FAIL,9999.0,0,,0,-1.0,-1.0,-1.0,-1.0
327,327,lulesh,VALID,13.200866600000001,1, 4.4914506361238E-05,1,1.0,1.0,0.45099470019340515,0.5123637914657593
328,328,lulesh,FAIL,9999.0,0,,0,-1.0,-1.0,-1.0,-1.0
329,329,lulesh,VALID,13.125599400000002,1, 7.5497322541196E-05,1,1.0,1.0,0.4798900783061981,0.5414158701896667
330,330,lulesh,FAIL,9999.0,0,,0,-1.0,-1.0,-1.0,-1.0
331,331,lulesh,FAIL,-1.0,-1,-1,-1,0.0,0.0,0.2712481617927551,0.43382999300956726
332,332,lulesh,FAIL,9999.0,0,,0,-1.0,-1.0,-1.0,-1.0
333,333,lulesh,FAIL,9999.0,0,,0,-1.0,-1.0,-1.0,-1.0
334,334,lulesh,FAIL,9999.0,0,,0,-1.0,-1.0,-1.0,-1.0
335,335,lulesh,VALID,13.546375800000002,1, 5.7365476095583E-05,1,1.0,1.0,0.4556475877761841,0.5367754101753235
336,336,lulesh,FAIL,9999.0,0,,0,-1.0,-1.0,-1.0,-1.0
337,337,lulesh,FAIL,9999.0,0,,0,-1.0,-1.0,-1.0,-1.0
338,338,lulesh,FAIL,9999.0,0,,0,-1.0,-1.0,-1.0,-1.0
339,339,lulesh,INVALID,13.363352,1, 1.0655250935088E-04,0,1.0,1.0,0.4538674056529999,0.5312553644180298
340,340,lulesh,FAIL,9999.0,0,,0,-1.0,-1.0,-1.0,-1.0
341,341,lulesh,VALID,12.9571164,1, 8.4187269749236E-05,1,1.0,1.0,0.4514838457107544,0.5358793139457703
342,342,lulesh,FAIL,9999.0,0,,0,-1.0,-1.0,-1.0,-1.0
343,343,lulesh,VALID,12.968474800000001,1, 9.4725655799266E-06,1,1.0,1.0,0.45088663697242737,0.536673367023468
344,344,lulesh,FAIL,9999.0,0,,0,-1.0,-1.0,-1.0,-1.0
345,345,lulesh,FAIL,9999.0,0,,0,1.0,1.0,0.41199520230293274,0.5181165933609009
346,346,lulesh,FAIL,9999.0,0,,0,-1.0,-1.0,-1.0,-1.0
347,347,lulesh,INVALID,12.722991,1, 1.2054352373525E-04,0,1.0,1.0,0.4413676857948303,0.5360528230667114
348,348,lulesh,FAIL,9999.0,0,,0,-1.0,-1.0,-1.0,-1.0
349,349,lulesh,VALID,13.2595302,1, 2.2996673578746E-06,1,1.0,1.0,0.44169116020202637,0.540518581867218
350,350,lulesh,FAIL,9999.0,0,,0,-1.0,-1.0,-1.0,-1.0
351,351,lulesh,FAIL,9999.0,0,,0,-1.0,-1.0,-1.0,-1.0
352,352,lulesh,FAIL,9999.0,0,,0,-1.0,-1.0,-1.0,-1.0
353,353,lulesh,INVALID,13.499554,1, 5.4906657194681E+03,0,1.0,1.0,0.4332229495048523,0.5341951251029968
354,354,lulesh,FAIL,9999.0,0,,0,-1.0,-1.0,-1.0,-1.0
355,355,lulesh,VALID,13.1020972,1, 3.2360398108722E-05,1,1.0,1.0,0.4300253689289093,0.5291363596916199
356,356,lulesh,FAIL,9999.0,0,,0,-1.0,-1.0,-1.0,-1.0
357,357,lulesh,VALID,13.1075896,1, 3.2360398108722E-05,1,1.0,1.0,0.4113204777240753,0.519105076789856
358,358,lulesh,FAIL,9999.0,0,,0,-1.0,-1.0,-1.0,-1.0
359,359,lulesh,INVALID,13.209687,1, 2.4459676180413E-02,0,1.0,1.0,0.43185877799987793,0.5352054834365845
360,360,lulesh,FAIL,9999.0,0,,0,-1.0,-1.0,-1.0,-1.0
361,361,lulesh,FAIL,9999.0,0,,0,-1.0,-1.0,-1.0,-1.0
362,362,lulesh,FAIL,9999.0,0,,0,-1.0,-1.0,-1.0,-1.0
363,363,lulesh,FAIL,-1.0,-1,-1,-1,0.0,0.0,0.04754697531461716,0.02908317558467388
364,364,lulesh,FAIL,9999.0,0,,0,-1.0,-1.0,-1.0,-1.0
365,365,lulesh,FAIL,9999.0,0,,0,-1.0,-1.0,-1.0,-1.0
366,366,lulesh,FAIL,9999.0,0,,0,-1.0,-1.0,-1.0,-1.0
367,367,lulesh,FAIL,9999.0,0,,0,-1.0,-1.0,-1.0,-1.0
368,368,lulesh,FAIL,9999.0,0,,0,-1.0,-1.0,-1.0,-1.0
369,369,lulesh,FAIL,9999.0,0,,0,-1.0,-1.0,-1.0,-1.0
370,370,lulesh,FAIL,9999.0,0,,0,-1.0,-1.0,-1.0,-1.0
371,371,lulesh,FAIL,-1.0,-1,-1,-1,0.0,0.0,0.2640920579433441,0.3695578873157501
372,372,lulesh,FAIL,9999.0,0,,0,-1.0,-1.0,-1.0,-1.0
373,373,lulesh,FAIL,9999.0,0,,0,-1.0,-1.0,-1.0,-1.0
374,374,lulesh,FAIL,9999.0,0,,0,-1.0,-1.0,-1.0,-1.0
375,375,lulesh,FAIL,9999.0,0,,0,-1.0,-1.0,-1.0,-1.0
376,376,lulesh,FAIL,9999.0,0,,0,-1.0,-1.0,-1.0,-1.0
377,377,lulesh,FAIL,9999.0,0,,0,-1.0,-1.0,-1.0,-1.0
378,378,lulesh,FAIL,9999.0,0,,0,-1.0,-1.0,-1.0,-1.0
379,379,lulesh,FAIL,9999.0,0,,0,-1.0,-1.0,-1.0,-1.0
380,380,lulesh,FAIL,9999.0,0,,0,-1.0,-1.0,-1.0,-1.0
381,381,lulesh,FAIL,9999.0,0,,0,-1.0,-1.0,-1.0,-1.0
382,382,lulesh,FAIL,9999.0,0,,0,-1.0,-1.0,-1.0,-1.0
383,383,lulesh,FAIL,-1.0,-1,-1,-1,0.0,0.0,0.3684052526950836,0.48417797684669495
384,384,lulesh,FAIL,9999.0,0,,0,-1.0,-1.0,-1.0,-1.0
385,385,lulesh,FAIL,-1.0,-1,-1,-1,0.0,0.0,0.33818039298057556,0.4538845419883728
386,386,lulesh,FAIL,9999.0,0,,0,-1.0,-1.0,-1.0,-1.0
387,387,lulesh,FAIL,-1.0,-1,-1,-1,0.0,0.0,0.34757035970687866,0.4476708173751831
388,388,lulesh,FAIL,9999.0,0,,0,-1.0,-1.0,-1.0,-1.0
389,389,lulesh,FAIL,-1.0,-1,-1,-1,0.0,0.0,0.10839622467756271,0.07284131646156311
390,390,lulesh,FAIL,9999.0,0,,0,-1.0,-1.0,-1.0,-1.0
391,391,lulesh,FAIL,9999.0,0,,0,-1.0,-1.0,-1.0,-1.0
392,392,lulesh,FAIL,9999.0,0,,0,-1.0,-1.0,-1.0,-1.0
393,393,lulesh,FAIL,9999.0,0,,0,-1.0,-1.0,-1.0,-1.0
394,394,lulesh,FAIL,9999.0,0,,0,-1.0,-1.0,-1.0,-1.0
395,395,lulesh,FAIL,9999.0,0,,0,-1.0,-1.0,-1.0,-1.0
396,396,lulesh,FAIL,9999.0,0,,0,-1.0,-1.0,-1.0,-1.0
397,397,lulesh,INVALID,-1.0,-1,-1,-1,1.0,0.0,0.4021465480327606,0.4990457594394684
398,398,lulesh,FAIL,9999.0,0,,0,-1.0,-1.0,-1.0,-1.0
399,399,lulesh,FAIL,9999.0,0,,0,-1.0,-1.0,-1.0,-1.0
400,400,lulesh,FAIL,9999.0,0,,0,-1.0,-1.0,-1.0,-1.0
401,401,lulesh,FAIL,9999.0,0,,0,-1.0,-1.0,-1.0,-1.0
402,402,lulesh,FAIL,9999.0,0,,0,-1.0,-1.0,-1.0,-1.0
403,403,lulesh,INVALID,13.283729,1, 5.8475778041611E-04,0,1.0,1.0,0.41195303201675415,0.5163816213607788
404,404,lulesh,FAIL,9999.0,0,,0,-1.0,-1.0,-1.0,-1.0
405,405,lulesh,FAIL,-1.0,-1,-1,-1,0.0,1.0,0.38483384251594543,0.5039016604423523
406,406,lulesh,FAIL,9999.0,0,,0,-1.0,-1.0,-1.0,-1.0
407,407,lulesh,FAIL,9999.0,0,,0,-1.0,-1.0,-1.0,-1.0
408,408,lulesh,FAIL,9999.0,0,,0,-1.0,-1.0,-1.0,-1.0
409,409,lulesh,INVALID,13.608739,1, 3.7539749029177E+03,0,1.0,1.0,0.4058201014995575,0.5137025713920593
410,410,lulesh,FAIL,9999.0,0,,0,-1.0,-1.0,-1.0,-1.0
411,411,lulesh,FAIL,-1.0,-1,-1,-1,0.0,1.0,0.39313942193984985,0.5052264332771301
412,412,lulesh,FAIL,9999.0,0,,0,-1.0,-1.0,-1.0,-1.0
413,413,lulesh,FAIL,-1.0,-1,-1,-1,0.0,0.0,0.3713065981864929,0.4842268228530884
414,414,lulesh,FAIL,9999.0,0,,0,-1.0,-1.0,-1.0,-1.0
415,415,lulesh,FAIL,-1.0,-1,-1,-1,0.0,1.0,0.3962438702583313,0.5042913556098938
416,416,lulesh,FAIL,9999.0,0,,0,-1.0,-1.0,-1.0,-1.0
417,417,lulesh,FAIL,9999.0,0,,0,1.0,1.0,0.4124149680137634,0.5132930874824524
418,418,lulesh,FAIL,9999.0,0,,0,-1.0,-1.0,-1.0,-1.0
419,419,lulesh,FAIL,-1.0,-1,-1,-1,0.0,0.0,0.36538007855415344,0.4689822196960449
420,420,lulesh,FAIL,9999.0,0,,0,-1.0,-1.0,-1.0,-1.0
421,421,lulesh,FAIL,-1.0,-1,-1,-1,0.0,0.0,0.29112139344215393,0.25377997756004333
422,422,lulesh,FAIL,9999.0,0,,0,-1.0,-1.0,-1.0,-1.0
423,423,lulesh,FAIL,-1.0,-1,-1,-1,0.0,0.0,0.1833779513835907,0.2097805291414261
424,424,lulesh,FAIL,9999.0,0,,0,-1.0,-1.0,-1.0,-1.0
425,425,lulesh,FAIL,-1.0,-1,-1,-1,0.0,0.0,0.36735233664512634,0.4698520004749298
426,426,lulesh,FAIL,9999.0,0,,0,-1.0,-1.0,-1.0,-1.0
427,427,lulesh,FAIL,9999.0,0,,0,-1.0,-1.0,-1.0,-1.0
428,428,lulesh,FAIL,9999.0,0,,0,-1.0,-1.0,-1.0,-1.0
429,429,lulesh,FAIL,-1.0,-1,-1,-1,0.0,0.0,0.3726314604282379,0.46274080872535706
430,430,lulesh,FAIL,9999.0,0,,0,-1.0,-1.0,-1.0,-1.0
431,431,lulesh,FAIL,9999.0,0,,0,-1.0,-1.0,-1.0,-1.0
432,432,lulesh,FAIL,9999.0,0,,0,-1.0,-1.0,-1.0,-1.0
433,433,lulesh,VALID,13.267481,1, 8.4187269749236E-05,1,1.0,1.0,0.41075822710990906,0.5295226573944092
434,434,lulesh,FAIL,9999.0,0,,0,-1.0,-1.0,-1.0,-1.0
435,435,lulesh,FAIL,9999.0,0,,0,-1.0,-1.0,-1.0,-1.0
436,436,lulesh,FAIL,9999.0,0,,0,-1.0,-1.0,-1.0,-1.0
437,437,lulesh,INVALID,12.884508,1, 1.0228360224573E-04,0,1.0,1.0,0.402629554271698,0.5023306012153625
438,438,lulesh,FAIL,9999.0,0,,0,-1.0,-1.0,-1.0,-1.0
439,439,lulesh,INVALID,13.112525,1, 5.7646377172205E-04,0,1.0,1.0,0.4308580458164215,0.5314337015151978
440,440,lulesh,FAIL,9999.0,0,,0,-1.0,-1.0,-1.0,-1.0
441,441,lulesh,FAIL,-1.0,-1,-1,-1,0.0,0.0,0.24367643892765045,0.4252340793609619
442,442,lulesh,FAIL,9999.0,0,,0,-1.0,-1.0,-1.0,-1.0
443,443,lulesh,FAIL,9999.0,0,,0,-1.0,-1.0,-1.0,-1.0
444,444,lulesh,FAIL,9999.0,0,,0,-1.0,-1.0,-1.0,-1.0
445,445,lulesh,INVALID,13.269,1, 1.2144287939009E-04,0,1.0,1.0,0.42442768812179565,0.5285128355026245
446,446,lulesh,FAIL,9999.0,0,,0,-1.0,-1.0,-1.0,-1.0
447,447,lulesh,FAIL,9999.0,0,,0,-1.0,-1.0,-1.0,-1.0
448,448,lulesh,FAIL,9999.0,0,,0,-1.0,-1.0,-1.0,-1.0
449,449,lulesh,INVALID,13.292171,1, 5.5261189481826E-04,0,1.0,1.0,0.42054489254951477,0.5227082371711731
450,450,lulesh,FAIL,9999.0,0,,0,-1.0,-1.0,-1.0,-1.0
451,451,lulesh,VALID,13.2082098,1, 7.9978201029007E-05,1,1.0,1.0,0.4226990342140198,0.528393030166626
452,452,lulesh,FAIL,9999.0,0,,0,-1.0,-1.0,-1.0,-1.0
453,453,lulesh,FAIL,-1.0,-1,-1,-1,0.0,1.0,0.39136937260627747,0.5102239847183228
454,454,lulesh,FAIL,9999.0,0,,0,-1.0,-1.0,-1.0,-1.0
455,455,lulesh,INVALID,13.764102,1, 1.0511709115235E-04,0,1.0,1.0,0.42461323738098145,0.5284057855606079
456,456,lulesh,FAIL,9999.0,0,,0,-1.0,-1.0,-1.0,-1.0
457,457,lulesh,VALID,13.063000200000001,1, 9.0032624939340E-05,1,1.0,1.0,0.42461031675338745,0.5329442620277405
458,458,lulesh,FAIL,9999.0,0,,0,-1.0,-1.0,-1.0,-1.0
459,459,lulesh,FAIL,9999.0,0,,0,-1.0,-1.0,-1.0,-1.0
460,460,lulesh,FAIL,9999.0,0,,0,-1.0,-1.0,-1.0,-1.0
461,461,lulesh,INVALID,13.785486,1, 3.7539749029177E+03,0,1.0,1.0,0.42011770606040955,0.5267469882965088
462,462,lulesh,FAIL,9999.0,0,,0,-1.0,-1.0,-1.0,-1.0
463,463,lulesh,VALID,13.1804898,1, 8.4187269749236E-05,1,1.0,1.0,0.4169456660747528,0.5216798186302185
464,464,lulesh,FAIL,9999.0,0,,0,-1.0,-1.0,-1.0,-1.0
465,465,lulesh,VALID,13.172588200000002,1, 8.4187269749236E-05,1,1.0,1.0,0.40194737911224365,0.5119162797927856
466,466,lulesh,FAIL,9999.0,0,,0,-1.0,-1.0,-1.0,-1.0
467,467,lulesh,INVALID,13.55461,1, 6.4018983648566E-03,0,1.0,1.0,0.4223533868789673,0.5280386805534363
468,468,lulesh,FAIL,9999.0,0,,0,-1.0,-1.0,-1.0,-1.0
469,469,lulesh,FAIL,9999.0,0,,0,-1.0,-1.0,-1.0,-1.0
470,470,lulesh,FAIL,9999.0,0,,0,-1.0,-1.0,-1.0,-1.0
471,471,lulesh,FAIL,9999.0,0,,0,-1.0,-1.0,-1.0,-1.0
472,472,lulesh,FAIL,9999.0,0,,0,-1.0,-1.0,-1.0,-1.0
473,473,lulesh,FAIL,9999.0,0,,0,-1.0,-1.0,-1.0,-1.0
474,474,lulesh,FAIL,9999.0,0,,0,-1.0,-1.0,-1.0,-1.0
475,475,lulesh,FAIL,9999.0,0,,0,-1.0,-1.0,-1.0,-1.0
476,476,lulesh,FAIL,9999.0,0,,0,-1.0,-1.0,-1.0,-1.0
477,477,lulesh,FAIL,9999.0,0,,0,-1.0,-1.0,-1.0,-1.0
478,478,lulesh,FAIL,9999.0,0,,0,-1.0,-1.0,-1.0,-1.0
479,479,lulesh,FAIL,9999.0,0,,0,-1.0,-1.0,-1.0,-1.0
480,480,lulesh,FAIL,-1.0,-1,-1,-1,0.0,0.0,0.13571412861347198,0.1632976531982422
481,481,lulesh,FAIL,9999.0,0,,0,-1.0,-1.0,-1.0,-1.0
482,482,lulesh,FAIL,9999.0,0,,0,-1.0,-1.0,-1.0,-1.0
483,483,lulesh,FAIL,9999.0,0,,0,-1.0,-1.0,-1.0,-1.0
484,484,lulesh,FAIL,-1.0,-1,-1,-1,0.0,0.0,0.3814660608768463,0.48249560594558716
485,485,lulesh,FAIL,9999.0,0,,0,-1.0,-1.0,-1.0,-1.0
486,486,lulesh,FAIL,9999.0,0,,0,-1.0,-1.0,-1.0,-1.0
487,487,lulesh,FAIL,9999.0,0,,0,-1.0,-1.0,-1.0,-1.0
488,488,lulesh,FAIL,9999.0,0,,0,-1.0,-1.0,-1.0,-1.0
489,489,lulesh,FAIL,9999.0,0,,0,-1.0,-1.0,-1.0,-1.0
490,490,lulesh,FAIL,-1.0,-1,-1,-1,0.0,0.0,0.33373621106147766,0.44388172030448914
491,491,lulesh,FAIL,9999.0,0,,0,-1.0,-1.0,-1.0,-1.0
492,492,lulesh,FAIL,9999.0,0,,0,-1.0,-1.0,-1.0,-1.0
493,493,lulesh,FAIL,9999.0,0,,0,-1.0,-1.0,-1.0,-1.0
494,494,lulesh,FAIL,9999.0,0,,0,-1.0,-1.0,-1.0,-1.0
495,495,lulesh,FAIL,9999.0,0,,0,-1.0,-1.0,-1.0,-1.0
496,496,lulesh,INVALID,13.195835,1, 1.7960788791243E-03,0,1.0,1.0,0.40521183609962463,0.5083863735198975
497,497,lulesh,FAIL,9999.0,0,,0,-1.0,-1.0,-1.0,-1.0
498,498,lulesh,FAIL,9999.0,0,,0,-1.0,-1.0,-1.0,-1.0
499,499,lulesh,FAIL,9999.0,0,,0,-1.0,-1.0,-1.0,-1.0
500,500,lulesh,FAIL,-1.0,-1,-1,-1,0.0,0.0,0.3824860155582428,0.4971277415752411
501,501,lulesh,FAIL,9999.0,0,,0,-1.0,-1.0,-1.0,-1.0
502,502,lulesh,FAIL,-1.0,-1,-1,-1,0.0,0.0,0.38987860083580017,0.4876514673233032
503,503,lulesh,FAIL,9999.0,0,,0,-1.0,-1.0,-1.0,-1.0
504,504,lulesh,VALID,13.295545800000003,1, 7.9978201029007E-05,1,1.0,1.0,0.4194565713405609,0.5278027653694153
505,505,lulesh,FAIL,9999.0,0,,0,-1.0,-1.0,-1.0,-1.0
506,506,lulesh,FAIL,9999.0,0,,0,-1.0,-1.0,-1.0,-1.0
507,507,lulesh,FAIL,9999.0,0,,0,-1.0,-1.0,-1.0,-1.0
508,508,lulesh,FAIL,9999.0,0,,0,-1.0,-1.0,-1.0,-1.0
509,509,lulesh,FAIL,9999.0,0,,0,-1.0,-1.0,-1.0,-1.0
510,510,lulesh,FAIL,-1.0,-1,-1,-1,0.0,0.0,0.22768239676952362,0.41260385513305664
511,511,lulesh,FAIL,9999.0,0,,0,-1.0,-1.0,-1.0,-1.0
512,512,lulesh,FAIL,9999.0,0,,0,-1.0,-1.0,-1.0,-1.0
513,513,lulesh,FAIL,9999.0,0,,0,-1.0,-1.0,-1.0,-1.0
514,514,lulesh,FAIL,-1.0,-1,-1,-1,0.0,0.0,0.37509840726852417,0.49963393807411194
515,515,lulesh,FAIL,9999.0,0,,0,-1.0,-1.0,-1.0,-1.0
516,516,lulesh,FAIL,-1.0,-1,-1,-1,0.0,0.0,0.3714870810508728,0.47665008902549744
517,517,lulesh,FAIL,9999.0,0,,0,-1.0,-1.0,-1.0,-1.0
518,518,lulesh,FAIL,-1.0,-1,-1,-1,0.0,0.0,0.25705623626708984,0.3389014005661011
519,519,lulesh,FAIL,9999.0,0,,0,-1.0,-1.0,-1.0,-1.0
520,520,lulesh,FAIL,-1.0,-1,-1,-1,0.0,0.0,0.3212682902812958,0.3908150792121887
521,521,lulesh,FAIL,9999.0,0,,0,-1.0,-1.0,-1.0,-1.0
522,522,lulesh,FAIL,9999.0,0,,0,-1.0,-1.0,-1.0,-1.0
523,523,lulesh,FAIL,9999.0,0,,0,-1.0,-1.0,-1.0,-1.0
524,524,lulesh,INVALID,12.896852,1, 6.4018983648566E-03,0,1.0,1.0,0.41856563091278076,0.5271437764167786
525,525,lulesh,FAIL,9999.0,0,,0,-1.0,-1.0,-1.0,-1.0
526,526,lulesh,INVALID,13.217866,1, 1.7960788791243E-03,0,1.0,1.0,0.4014708399772644,0.507489025592804
527,527,lulesh,FAIL,9999.0,0,,0,-1.0,-1.0,-1.0,-1.0
528,528,lulesh,VALID,13.185852400000002,1, 8.4187269749236E-05,1,1.0,1.0,0.4275418221950531,0.5338107943534851
529,529,lulesh,FAIL,9999.0,0,,0,-1.0,-1.0,-1.0,-1.0
530,530,lulesh,FAIL,-1.0,-1,-1,-1,0.0,0.0,0.1810615211725235,0.20918600261211395
531,531,lulesh,FAIL,9999.0,0,,0,-1.0,-1.0,-1.0,-1.0
532,532,lulesh,FAIL,9999.0,0,,0,-1.0,-1.0,-1.0,-1.0
533,533,lulesh,FAIL,9999.0,0,,0,-1.0,-1.0,-1.0,-1.0
534,534,lulesh,FAIL,-1.0,-1,-1,-1,0.0,1.0,0.39889636635780334,0.5014331340789795
535,535,lulesh,FAIL,9999.0,0,,0,-1.0,-1.0,-1.0,-1.0
536,536,lulesh,VALID,13.1279918,1, 8.4187269749236E-05,1,1.0,1.0,0.4070010781288147,0.5286281108856201
537,537,lulesh,FAIL,9999.0,0,,0,-1.0,-1.0,-1.0,-1.0
538,538,lulesh,INVALID,13.164078,1, 4.6375033889490E-04,0,1.0,1.0,0.4151788055896759,0.5142088532447815
539,539,lulesh,FAIL,9999.0,0,,0,-1.0,-1.0,-1.0,-1.0
540,540,lulesh,INVALID,13.391452,1, 1.7153298176709E-04,0,1.0,1.0,0.40115660429000854,0.5066356062889099
541,541,lulesh,FAIL,9999.0,0,,0,-1.0,-1.0,-1.0,-1.0
542,542,lulesh,VALID,13.175753199999999,1, 7.9978201029007E-05,1,1.0,1.0,0.418910413980484,0.5274983048439026
543,543,lulesh,FAIL,9999.0,0,,0,-1.0,-1.0,-1.0,-1.0
544,544,lulesh,VALID,13.039336,1, 8.4187269749236E-05,1,1.0,1.0,0.4275418221950531,0.5338107943534851
545,545,lulesh,FAIL,9999.0,0,,0,-1.0,-1.0,-1.0,-1.0
546,546,lulesh,INVALID,13.516976,1, 2.5673399883203E-02,0,1.0,1.0,0.4018765091896057,0.5070051550865173
547,547,lulesh,FAIL,9999.0,0,,0,-1.0,-1.0,-1.0,-1.0
548,548,lulesh,FAIL,9999.0,0,,0,-1.0,-1.0,-1.0,-1.0
549,549,lulesh,FAIL,9999.0,0,,0,-1.0,-1.0,-1.0,-1.0
550,550,lulesh,FAIL,9999.0,0,,0,-1.0,-1.0,-1.0,-1.0
551,551,lulesh,FAIL,9999.0,0,,0,-1.0,-1.0,-1.0,-1.0
552,552,lulesh,FAIL,9999.0,0,,0,-1.0,-1.0,-1.0,-1.0
553,553,lulesh,FAIL,9999.0,0,,0,-1.0,-1.0,-1.0,-1.0
554,554,lulesh,FAIL,-1.0,-1,-1,-1,0.0,0.0,0.30088457465171814,0.4512141942977905
555,555,lulesh,FAIL,9999.0,0,,0,-1.0,-1.0,-1.0,-1.0
556,556,lulesh,FAIL,-1.0,-1,-1,-1,0.0,0.0,0.23866984248161316,0.4277470111846924
557,557,lulesh,FAIL,9999.0,0,,0,-1.0,-1.0,-1.0,-1.0
558,558,lulesh,FAIL,-1.0,-1,-1,-1,0.0,0.0,0.38229620456695557,0.4664596617221832
559,559,lulesh,FAIL,9999.0,0,,0,-1.0,-1.0,-1.0,-1.0
560,560,lulesh,FAIL,9999.0,0,,0,1.0,1.0,0.4158550500869751,0.5137422680854797
561,561,lulesh,FAIL,9999.0,0,,0,-1.0,-1.0,-1.0,-1.0
562,562,lulesh,FAIL,9999.0,0,,0,1.0,1.0,0.40804529190063477,0.5212990641593933
563,563,lulesh,FAIL,9999.0,0,,0,-1.0,-1.0,-1.0,-1.0
564,564,lulesh,FAIL,-1.0,-1,-1,-1,0.0,1.0,0.38998010754585266,0.5130777359008789
565,565,lulesh,FAIL,9999.0,0,,0,-1.0,-1.0,-1.0,-1.0
566,566,lulesh,FAIL,-1.0,-1,-1,-1,0.0,1.0,0.39596107602119446,0.5022624731063843
567,567,lulesh,FAIL,9999.0,0,,0,-1.0,-1.0,-1.0,-1.0
568,568,lulesh,INVALID,13.013223,1, 2.2537420890103E-02,0,1.0,1.0,0.4005671739578247,0.5057350993156433
569,569,lulesh,FAIL,9999.0,0,,0,-1.0,-1.0,-1.0,-1.0
570,570,lulesh,FAIL,-1.0,-1,-1,-1,0.0,0.0,0.33120831847190857,0.42930325865745544
571,571,lulesh,FAIL,9999.0,0,,0,-1.0,-1.0,-1.0,-1.0
572,572,lulesh,FAIL,-1.0,-1,-1,-1,0.0,0.0,0.34518712759017944,0.44645485281944275
573,573,lulesh,FAIL,9999.0,0,,0,-1.0,-1.0,-1.0,-1.0
574,574,lulesh,INVALID,13.215753,1, 2.0884810519192E-02,0,1.0,1.0,0.4074982702732086,0.51641845703125
575,575,lulesh,FAIL,9999.0,0,,0,-1.0,-1.0,-1.0,-1.0
576,576,lulesh,FAIL,-1.0,-1,-1,-1,0.0,0.0,0.32897767424583435,0.4106816351413727
577,577,lulesh,FAIL,9999.0,0,,0,-1.0,-1.0,-1.0,-1.0
578,578,lulesh,FAIL,9999.0,0,,0,-1.0,-1.0,-1.0,-1.0
579,579,lulesh,FAIL,9999.0,0,,0,-1.0,-1.0,-1.0,-1.0
580,580,lulesh,FAIL,-1.0,-1,-1,-1,0.0,0.0,0.3745342195034027,0.48963630199432373
581,581,lulesh,FAIL,9999.0,0,,0,-1.0,-1.0,-1.0,-1.0
582,582,lulesh,INVALID,13.118064,1, 6.4018983648566E-03,0,1.0,1.0,0.41978737711906433,0.5268126130104065
583,583,lulesh,FAIL,9999.0,0,,0,-1.0,-1.0,-1.0,-1.0
584,584,lulesh,INVALID,13.214021,1, 2.0981501802453E-04,0,1.0,1.0,0.4082277715206146,0.516433835029602
585,585,lulesh,FAIL,9999.0,0,,0,-1.0,-1.0,-1.0,-1.0
586,586,lulesh,INVALID,12.902253,1, 1.1714184802258E-04,0,1.0,1.0,0.41621655225753784,0.525209903717041
587,587,lulesh,FAIL,9999.0,0,,0,-1.0,-1.0,-1.0,-1.0
588,588,lulesh,VALID,13.127882399999999,1, 8.4187269749236E-05,1,1.0,1.0,0.4287704825401306,0.5334799885749817
589,589,lulesh,FAIL,9999.0,0,,0,-1.0,-1.0,-1.0,-1.0
590,590,lulesh,FAIL,-1.0,-1,-1,-1,0.0,0.0,0.22219900786876678,0.28867918252944946
591,591,lulesh,FAIL,9999.0,0,,0,-1.0,-1.0,-1.0,-1.0
592,592,lulesh,FAIL,-1.0,-1,-1,-1,0.0,0.0,0.2908494472503662,0.4054346978664398
593,593,lulesh,FAIL,9999.0,0,,0,-1.0,-1.0,-1.0,-1.0
594,594,lulesh,FAIL,9999.0,0,,0,-1.0,-1.0,-1.0,-1.0
595,595,lulesh,FAIL,9999.0,0,,0,-1.0,-1.0,-1.0,-1.0
596,596,lulesh,VALID,13.416819,1, 9.8733060440281E-05,1,1.0,1.0,0.41447919607162476,0.5114803910255432
597,597,lulesh,FAIL,9999.0,0,,0,-1.0,-1.0,-1.0,-1.0
598,598,lulesh,INVALID,13.948869,1, 1.4653519428975E-04,0,1.0,1.0,0.41450148820877075,0.5231441855430603
599,599,lulesh,FAIL,9999.0,0,,0,-1.0,-1.0,-1.0,-1.0
600,600,lulesh,VALID,13.2134064,1, 8.4187269749236E-05,1,1.0,1.0,0.4082128703594208,0.5282970666885376
601,601,lulesh,FAIL,9999.0,0,,0,-1.0,-1.0,-1.0,-1.0
602,602,lulesh,INVALID,13.597604,1, 1.4058189799471E-04,0,1.0,1.0,0.4202190637588501,0.5258299708366394
603,603,lulesh,FAIL,9999.0,0,,0,-1.0,-1.0,-1.0,-1.0
604,604,lulesh,INVALID,13.258215,1, 3.5048823519901E-04,0,1.0,1.0,0.4053710103034973,0.5188327431678772
605,605,lulesh,FAIL,9999.0,0,,0,-1.0,-1.0,-1.0,-1.0
606,606,lulesh,INVALID,13.047477,1, 1.2109048111597E-04,0,1.0,1.0,0.40703463554382324,0.5158476829528809
607,607,lulesh,FAIL,9999.0,0,,0,-1.0,-1.0,-1.0,-1.0
608,608,lulesh,VALID,13.4360556,1, 8.4187269749236E-05,1,1.0,1.0,0.428770512342453,0.5334800481796265
609,609,lulesh,FAIL,9999.0,0,,0,-1.0,-1.0,-1.0,-1.0
610,610,lulesh,VALID,12.722912,1, 7.9978201029007E-05,1,1.0,1.0,0.42013251781463623,0.5271671414375305
611,611,lulesh,FAIL,9999.0,0,,0,-1.0,-1.0,-1.0,-1.0
612,612,lulesh,VALID,12.9797348,1, 8.4187269749236E-05,1,1.0,1.0,0.428770512342453,0.5334800481796265
613,613,lulesh,FAIL,9999.0,0,,0,-1.0,-1.0,-1.0,-1.0
614,614,lulesh,INVALID,13.264736,1, 7.4992861398187E-03,0,1.0,1.0,0.4077747166156769,0.5165767073631287
615,615,lulesh,FAIL,9999.0,0,,0,-1.0,-1.0,-1.0,-1.0
616,616,lulesh,FAIL,9999.0,0,,0,1.0,1.0,0.4131618142127991,0.5196516513824463
617,617,lulesh,FAIL,9999.0,0,,0,-1.0,-1.0,-1.0,-1.0
618,618,lulesh,FAIL,9999.0,0,,0,-1.0,-1.0,-1.0,-1.0
619,619,lulesh,FAIL,9999.0,0,,0,-1.0,-1.0,-1.0,-1.0
620,620,lulesh,FAIL,9999.0,0,,0,-1.0,-1.0,-1.0,-1.0
621,621,lulesh,FAIL,9999.0,0,,0,-1.0,-1.0,-1.0,-1.0
622,622,lulesh,FAIL,-1.0,-1,-1,-1,0.0,1.0,0.37271273136138916,0.5084615349769592
623,623,lulesh,FAIL,9999.0,0,,0,-1.0,-1.0,-1.0,-1.0
624,624,lulesh,FAIL,-1.0,-1,-1,-1,0.0,0.0,0.3555150330066681,0.47383809089660645
625,625,lulesh,FAIL,9999.0,0,,0,-1.0,-1.0,-1.0,-1.0
626,626,lulesh,VALID,12.967021399999998,1, 7.0482416049344E-05,1,1.0,1.0,0.40179920196533203,0.509426474571228
627,627,lulesh,FAIL,9999.0,0,,0,-1.0,-1.0,-1.0,-1.0
628,628,lulesh,FAIL,-1.0,-1,-1,-1,0.0,0.0,0.24594755470752716,0.4330187141895294
629,629,lulesh,FAIL,9999.0,0,,0,-1.0,-1.0,-1.0,-1.0
630,630,lulesh,INVALID,13.260723,1, 1.7987792671192E-04,0,1.0,1.0,0.41240784525871277,0.5198689103126526
631,631,lulesh,FAIL,9999.0,0,,0,-1.0,-1.0,-1.0,-1.0
632,632,lulesh,FAIL,-1.0,-1,-1,-1,0.0,0.0,0.3914085328578949,0.48600366711616516
633,633,lulesh,FAIL,9999.0,0,,0,-1.0,-1.0,-1.0,-1.0
634,634,lulesh,INVALID,-1.0,-1,-1,-1,1.0,0.0,0.4051465094089508,0.4977140426635742
635,635,lulesh,FAIL,9999.0,0,,0,-1.0,-1.0,-1.0,-1.0
636,636,lulesh,INVALID,13.162994,1, 4.2332496013842E-04,0,1.0,1.0,0.42849430441856384,0.5311667323112488
637,637,lulesh,FAIL,9999.0,0,,0,-1.0,-1.0,-1.0,-1.0
638,638,lulesh,INVALID,15.064109,1, 5.5684306844341E-02,0,1.0,1.0,0.41713947057724,0.5257903933525085
639,639,lulesh,FAIL,9999.0,0,,0,-1.0,-1.0,-1.0,-1.0
640,640,lulesh,FAIL,-1.0,-1,-1,-1,0.0,1.0,0.39559030532836914,0.5149610638618469
641,641,lulesh,FAIL,9999.0,0,,0,-1.0,-1.0,-1.0,-1.0
642,642,lulesh,INVALID,13.619153,1, 2.4934808147918E-02,0,1.0,1.0,0.41598212718963623,0.5247776508331299
643,643,lulesh,FAIL,9999.0,0,,0,-1.0,-1.0,-1.0,-1.0
644,644,lulesh,INVALID,13.245039,1, 3.7096380704611E-03,0,1.0,1.0,0.4065641462802887,0.5141618251800537
645,645,lulesh,FAIL,9999.0,0,,0,-1.0,-1.0,-1.0,-1.0
646,646,lulesh,INVALID,13.66889,1, 7.5311600853638E-03,0,1.0,1.0,0.4047662913799286,0.5134096741676331
647,647,lulesh,FAIL,9999.0,0,,0,-1.0,-1.0,-1.0,-1.0
648,648,lulesh,INVALID,13.024061,1, 2.1904828037464E-02,0,1.0,1.0,0.4068514108657837,0.515466034412384
649,649,lulesh,FAIL,9999.0,0,,0,-1.0,-1.0,-1.0,-1.0
650,650,lulesh,FAIL,-1.0,-1,-1,-1,0.0,1.0,0.38741710782051086,0.5007819533348083
651,651,lulesh,FAIL,9999.0,0,,0,-1.0,-1.0,-1.0,-1.0
652,652,lulesh,FAIL,-1.0,-1,-1,-1,0.0,0.0,0.3084312379360199,0.38847243785858154
653,653,lulesh,FAIL,9999.0,0,,0,-1.0,-1.0,-1.0,-1.0
654,654,lulesh,FAIL,9999.0,0,,0,1.0,1.0,0.40985220670700073,0.5119312405586243
655,655,lulesh,FAIL,9999.0,0,,0,-1.0,-1.0,-1.0,-1.0
656,656,lulesh,INVALID,12.981796,1, 1.0405009900524E-02,0,1.0,1.0,0.41619324684143066,0.5250697731971741
657,657,lulesh,FAIL,9999.0,0,,0,-1.0,-1.0,-1.0,-1.0
658,658,lulesh,INVALID,13.344941,1, 1.0744829403507E-02,0,1.0,1.0,0.4073423445224762,0.5162856578826904
659,659,lulesh,FAIL,9999.0,0,,0,-1.0,-1.0,-1.0,-1.0
660,660,lulesh,FAIL,-1.0,-1,-1,-1,0.0,0.0,0.33708900213241577,0.42005711793899536
661,661,lulesh,FAIL,9999.0,0,,0,-1.0,-1.0,-1.0,-1.0
662,662,lulesh,VALID,13.529433599999999,1, 9.0032624939340E-05,1,1.0,1.0,0.422026127576828,0.5315872430801392
663,663,lulesh,FAIL,9999.0,0,,0,-1.0,-1.0,-1.0,-1.0
664,664,lulesh,FAIL,9999.0,0,,0,-1.0,-1.0,-1.0,-1.0
665,665,lulesh,FAIL,9999.0,0,,0,-1.0,-1.0,-1.0,-1.0
666,666,lulesh,FAIL,-1.0,-1,-1,-1,0.0,0.0,0.3853442966938019,0.49748924374580383
667,667,lulesh,FAIL,9999.0,0,,0,-1.0,-1.0,-1.0,-1.0
668,668,lulesh,INVALID,13.412268,1, 6.4018983648566E-03,0,1.0,1.0,0.41977301239967346,0.526680052280426
669,669,lulesh,FAIL,9999.0,0,,0,-1.0,-1.0,-1.0,-1.0
670,670,lulesh,FAIL,9999.0,0,,0,-1.0,-1.0,-1.0,-1.0
671,671,lulesh,FAIL,9999.0,0,,0,-1.0,-1.0,-1.0,-1.0
672,672,lulesh,FAIL,9999.0,0,,0,-1.0,-1.0,-1.0,-1.0
673,673,lulesh,FAIL,9999.0,0,,0,-1.0,-1.0,-1.0,-1.0
674,674,lulesh,FAIL,9999.0,0,,0,-1.0,-1.0,-1.0,-1.0
675,675,lulesh,FAIL,9999.0,0,,0,-1.0,-1.0,-1.0,-1.0
676,676,lulesh,FAIL,9999.0,0,,0,-1.0,-1.0,-1.0,-1.0
677,677,lulesh,FAIL,9999.0,0,,0,-1.0,-1.0,-1.0,-1.0
678,678,lulesh,FAIL,9999.0,0,,0,-1.0,-1.0,-1.0,-1.0
679,679,lulesh,FAIL,9999.0,0,,0,-1.0,-1.0,-1.0,-1.0
680,680,lulesh,FAIL,-1.0,-1,-1,-1,0.0,0.0,0.13041448593139648,0.15913338959217072
681,681,lulesh,FAIL,9999.0,0,,0,-1.0,-1.0,-1.0,-1.0
682,682,lulesh,FAIL,9999.0,0,,0,-1.0,-1.0,-1.0,-1.0
683,683,lulesh,FAIL,9999.0,0,,0,-1.0,-1.0,-1.0,-1.0
684,684,lulesh,FAIL,9999.0,0,,0,-1.0,-1.0,-1.0,-1.0
685,685,lulesh,FAIL,9999.0,0,,0,-1.0,-1.0,-1.0,-1.0
686,686,lulesh,FAIL,9999.0,0,,0,-1.0,-1.0,-1.0,-1.0
687,687,lulesh,FAIL,9999.0,0,,0,-1.0,-1.0,-1.0,-1.0
688,688,lulesh,FAIL,9999.0,0,,0,-1.0,-1.0,-1.0,-1.0
689,689,lulesh,FAIL,9999.0,0,,0,-1.0,-1.0,-1.0,-1.0
690,690,lulesh,FAIL,-1.0,-1,-1,-1,0.0,0.0,0.29912179708480835,0.41679543256759644
691,691,lulesh,FAIL,9999.0,0,,0,-1.0,-1.0,-1.0,-1.0
692,692,lulesh,FAIL,9999.0,0,,0,-1.0,-1.0,-1.0,-1.0
693,693,lulesh,FAIL,9999.0,0,,0,-1.0,-1.0,-1.0,-1.0
694,694,lulesh,FAIL,9999.0,0,,0,-1.0,-1.0,-1.0,-1.0
695,695,lulesh,FAIL,9999.0,0,,0,-1.0,-1.0,-1.0,-1.0
696,696,lulesh,FAIL,-1.0,-1,-1,-1,0.0,1.0,0.3941880464553833,0.5006880760192871
697,697,lulesh,FAIL,9999.0,0,,0,-1.0,-1.0,-1.0,-1.0
698,698,lulesh,FAIL,9999.0,0,,0,-1.0,-1.0,-1.0,-1.0
699,699,lulesh,FAIL,9999.0,0,,0,-1.0,-1.0,-1.0,-1.0
700,700,lulesh,FAIL,-1.0,-1,-1,-1,0.0,0.0,0.3716941177845001,0.48943015933036804
701,701,lulesh,FAIL,9999.0,0,,0,-1.0,-1.0,-1.0,-1.0
702,702,lulesh,FAIL,-1.0,-1,-1,-1,0.0,0.0,0.3812790811061859,0.4787754714488983
703,703,lulesh,FAIL,9999.0,0,,0,-1.0,-1.0,-1.0,-1.0
704,704,lulesh,FAIL,-1.0,-1,-1,-1,0.0,1.0,0.3992498517036438,0.5101121664047241
705,705,lulesh,FAIL,9999.0,0,,0,-1.0,-1.0,-1.0,-1.0
706,706,lulesh,FAIL,9999.0,0,,0,-1.0,-1.0,-1.0,-1.0
707,707,lulesh,FAIL,9999.0,0,,0,-1.0,-1.0,-1.0,-1.0
708,708,lulesh,FAIL,9999.0,0,,0,-1.0,-1.0,-1.0,-1.0
709,709,lulesh,FAIL,9999.0,0,,0,-1.0,-1.0,-1.0,-1.0
710,710,lulesh,FAIL,-1.0,-1,-1,-1,0.0,0.0,0.20716331899166107,0.3618241548538208
711,711,lulesh,FAIL,9999.0,0,,0,-1.0,-1.0,-1.0,-1.0
712,712,lulesh,FAIL,-1.0,-1,-1,-1,0.0,0.0,0.3850672245025635,0.48161178827285767
713,713,lulesh,FAIL,9999.0,0,,0,-1.0,-1.0,-1.0,-1.0
714,714,lulesh,FAIL,-1.0,-1,-1,-1,0.0,0.0,0.36021700501441956,0.479825884103775
715,715,lulesh,FAIL,9999.0,0,,0,-1.0,-1.0,-1.0,-1.0
716,716,lulesh,FAIL,-1.0,-1,-1,-1,0.0,0.0,0.3420953154563904,0.45473888516426086
717,717,lulesh,FAIL,9999.0,0,,0,-1.0,-1.0,-1.0,-1.0
718,718,lulesh,FAIL,-1.0,-1,-1,-1,0.0,0.0,0.2744891047477722,0.35476380586624146
719,719,lulesh,FAIL,9999.0,0,,0,-1.0,-1.0,-1.0,-1.0
720,720,lulesh,FAIL,-1.0,-1,-1,-1,0.0,0.0,0.3104400336742401,0.39291077852249146
721,721,lulesh,FAIL,9999.0,0,,0,-1.0,-1.0,-1.0,-1.0
722,722,lulesh,FAIL,9999.0,0,,0,-1.0,-1.0,-1.0,-1.0
723,723,lulesh,FAIL,9999.0,0,,0,-1.0,-1.0,-1.0,-1.0
724,724,lulesh,FAIL,-1.0,-1,-1,-1,0.0,1.0,0.3941880464553833,0.5006880760192871
725,725,lulesh,FAIL,9999.0,0,,0,-1.0,-1.0,-1.0,-1.0
726,726,lulesh,VALID,13.244356,1, 7.9978201029007E-05,1,1.0,1.0,0.4201180934906006,0.5270345211029053
727,727,lulesh,FAIL,9999.0,0,,0,-1.0,-1.0,-1.0,-1.0
728,728,lulesh,FAIL,-1.0,-1,-1,-1,0.0,0.0,0.17659734189510345,0.20472091436386108
729,729,lulesh,FAIL,9999.0,0,,0,-1.0,-1.0,-1.0,-1.0
730,730,lulesh,FAIL,9999.0,0,,0,-1.0,-1.0,-1.0,-1.0
731,731,lulesh,FAIL,9999.0,0,,0,-1.0,-1.0,-1.0,-1.0
732,732,lulesh,FAIL,-1.0,-1,-1,-1,0.0,0.0,0.39162978529930115,0.49463173747062683
733,733,lulesh,FAIL,9999.0,0,,0,-1.0,-1.0,-1.0,-1.0
734,734,lulesh,FAIL,-1.0,-1,-1,-1,0.0,1.0,0.39968493580818176,0.5218440890312195
735,735,lulesh,FAIL,9999.0,0,,0,-1.0,-1.0,-1.0,-1.0
736,736,lulesh,INVALID,13.508762,1, 4.3793648801170E-02,0,1.0,1.0,0.4072459936141968,0.5059887170791626
737,737,lulesh,FAIL,9999.0,0,,0,-1.0,-1.0,-1.0,-1.0
738,738,lulesh,FAIL,-1.0,-1,-1,-1,0.0,0.0,0.3938756585121155,0.4998345971107483
739,739,lulesh,FAIL,9999.0,0,,0,-1.0,-1.0,-1.0,-1.0
740,740,lulesh,VALID,13.2368698,1, 7.9978201029007E-05,1,1.0,1.0,0.4201180934906006,0.52703458070755
741,741,lulesh,FAIL,9999.0,0,,0,-1.0,-1.0,-1.0,-1.0
742,742,lulesh,FAIL,-1.0,-1,-1,-1,0.0,1.0,0.3992498517036438,0.5101121664047241
743,743,lulesh,FAIL,9999.0,0,,0,-1.0,-1.0,-1.0,-1.0
744,744,lulesh,FAIL,9999.0,0,,0,-1.0,-1.0,-1.0,-1.0
745,745,lulesh,FAIL,9999.0,0,,0,-1.0,-1.0,-1.0,-1.0
746,746,lulesh,FAIL,9999.0,0,,0,-1.0,-1.0,-1.0,-1.0
747,747,lulesh,FAIL,9999.0,0,,0,-1.0,-1.0,-1.0,-1.0
748,748,lulesh,FAIL,-1.0,-1,-1,-1,0.0,0.0,0.34671750664711,0.48093417286872864
749,749,lulesh,FAIL,9999.0,0,,0,-1.0,-1.0,-1.0,-1.0
750,750,lulesh,FAIL,-1.0,-1,-1,-1,0.0,0.0,0.3387085199356079,0.4629460275173187
751,751,lulesh,FAIL,9999.0,0,,0,-1.0,-1.0,-1.0,-1.0
752,752,lulesh,FAIL,-1.0,-1,-1,-1,0.0,0.0,0.23447275161743164,0.420630544424057
753,753,lulesh,FAIL,9999.0,0,,0,-1.0,-1.0,-1.0,-1.0
754,754,lulesh,FAIL,-1.0,-1,-1,-1,0.0,0.0,0.3819751441478729,0.4652993381023407
755,755,lulesh,FAIL,9999.0,0,,0,-1.0,-1.0,-1.0,-1.0
756,756,lulesh,FAIL,-1.0,-1,-1,-1,0.0,0.0,0.39662277698516846,0.4902833104133606
757,757,lulesh,FAIL,9999.0,0,,0,-1.0,-1.0,-1.0,-1.0
758,758,lulesh,INVALID,15.538687,1, 5.5451331929362E-02,0,1.0,1.0,0.4083411693572998,0.5183740854263306
759,759,lulesh,FAIL,9999.0,0,,0,-1.0,-1.0,-1.0,-1.0
760,760,lulesh,FAIL,-1.0,-1,-1,-1,0.0,1.0,0.38716763257980347,0.5086283683776855
761,761,lulesh,FAIL,9999.0,0,,0,-1.0,-1.0,-1.0,-1.0
762,762,lulesh,FAIL,-1.0,-1,-1,-1,0.0,0.0,0.3923422396183014,0.4982466399669647
763,763,lulesh,FAIL,9999.0,0,,0,-1.0,-1.0,-1.0,-1.0
764,764,lulesh,FAIL,-1.0,-1,-1,-1,0.0,0.0,0.3870408833026886,0.49827486276626587
765,765,lulesh,FAIL,9999.0,0,,0,-1.0,-1.0,-1.0,-1.0
766,766,lulesh,FAIL,-1.0,-1,-1,-1,0.0,0.0,0.3670603036880493,0.4853251874446869
767,767,lulesh,FAIL,9999.0,0,,0,-1.0,-1.0,-1.0,-1.0
768,768,lulesh,FAIL,-1.0,-1,-1,-1,0.0,0.0,0.28486165404319763,0.3624056577682495
769,769,lulesh,FAIL,9999.0,0,,0,-1.0,-1.0,-1.0,-1.0
770,770,lulesh,INVALID,13.159805,1, 1.0492736205833E-02,0,1.0,1.0,0.4076278507709503,0.5187456011772156
771,771,lulesh,FAIL,9999.0,0,,0,-1.0,-1.0,-1.0,-1.0
772,772,lulesh,FAIL,-1.0,-1,-1,-1,0.0,0.0,0.3163646161556244,0.3945988416671753
773,773,lulesh,FAIL,9999.0,0,,0,-1.0,-1.0,-1.0,-1.0
774,774,lulesh,INVALID,13.240179,1, 1.4437599566008E-04,0,1.0,1.0,0.4134255647659302,0.5252714157104492
775,775,lulesh,FAIL,9999.0,0,,0,-1.0,-1.0,-1.0,-1.0
776,776,lulesh,FAIL,9999.0,0,,0,-1.0,-1.0,-1.0,-1.0
777,777,lulesh,FAIL,9999.0,0,,0,-1.0,-1.0,-1.0,-1.0
778,778,lulesh,FAIL,-1.0,-1,-1,-1,0.0,0.0,0.3822330832481384,0.4975275993347168
779,779,lulesh,FAIL,9999.0,0,,0,-1.0,-1.0,-1.0,-1.0
780,780,lulesh,FAIL,-1.0,-1,-1,-1,0.0,1.0,0.39969977736473083,0.509969174861908
781,781,lulesh,FAIL,9999.0,0,,0,-1.0,-1.0,-1.0,-1.0
782,782,lulesh,VALID,13.1395242,1, 5.8496299971011E-05,1,1.0,1.0,0.4076365828514099,0.5187532305717468
783,783,lulesh,FAIL,9999.0,0,,0,-1.0,-1.0,-1.0,-1.0
784,784,lulesh,VALID,13.073618599999998,1, 7.9978201029007E-05,1,1.0,1.0,0.4201180636882782,0.52703458070755
785,785,lulesh,FAIL,9999.0,0,,0,-1.0,-1.0,-1.0,-1.0
786,786,lulesh,FAIL,-1.0,-1,-1,-1,0.0,0.0,0.2161378711462021,0.28339463472366333
787,787,lulesh,FAIL,9999.0,0,,0,-1.0,-1.0,-1.0,-1.0
788,788,lulesh,FAIL,-1.0,-1,-1,-1,0.0,0.0,0.28359848260879517,0.3992123603820801
789,789,lulesh,FAIL,9999.0,0,,0,-1.0,-1.0,-1.0,-1.0
790,790,lulesh,FAIL,9999.0,0,,0,-1.0,-1.0,-1.0,-1.0
791,791,lulesh,FAIL,9999.0,0,,0,-1.0,-1.0,-1.0,-1.0
792,792,lulesh,VALID,13.307085800000001,1, 7.1830414526630E-05,1,1.0,1.0,0.4059102237224579,0.5050129294395447
793,793,lulesh,FAIL,9999.0,0,,0,-1.0,-1.0,-1.0,-1.0
794,794,lulesh,INVALID,13.320874,1, 1.6494580813742E-04,0,1.0,1.0,0.40593230724334717,0.5166852474212646
795,795,lulesh,FAIL,9999.0,0,,0,-1.0,-1.0,-1.0,-1.0
796,796,lulesh,FAIL,-1.0,-1,-1,-1,0.0,1.0,0.39968493580818176,0.5218440890312195
797,797,lulesh,FAIL,9999.0,0,,0,-1.0,-1.0,-1.0,-1.0
798,798,lulesh,INVALID,13.266735,1, 1.3057274213679E-04,0,1.0,1.0,0.4116148352622986,0.5193739533424377
799,799,lulesh,FAIL,9999.0,0,,0,-1.0,-1.0,-1.0,-1.0
800,800,lulesh,FAIL,-1.0,-1,-1,-1,0.0,1.0,0.3968627154827118,0.5123698711395264
801,801,lulesh,FAIL,9999.0,0,,0,-1.0,-1.0,-1.0,-1.0
802,802,lulesh,FAIL,-1.0,-1,-1,-1,0.0,1.0,0.39851483702659607,0.5093826651573181
803,803,lulesh,FAIL,9999.0,0,,0,-1.0,-1.0,-1.0,-1.0
804,804,lulesh,VALID,13.2249998,1, 7.9978201029007E-05,1,1.0,1.0,0.4201180934906006,0.52703458070755
805,805,lulesh,FAIL,9999.0,0,,0,-1.0,-1.0,-1.0,-1.0
806,806,lulesh,VALID,12.991959399999999,1, 7.9978201029007E-05,1,1.0,1.0,0.4201180636882782,0.52703458070755
807,807,lulesh,FAIL,9999.0,0,,0,-1.0,-1.0,-1.0,-1.0
808,808,lulesh,FAIL,-1.0,-1,-1,-1,0.0,1.0,0.3992498517036438,0.5101121664047241
809,809,lulesh,FAIL,9999.0,0,,0,-1.0,-1.0,-1.0,-1.0
810,810,lulesh,FAIL,9999.0,0,,0,1.0,1.0,0.4046154320240021,0.5133222937583923
811,811,lulesh,FAIL,9999.0,0,,0,-1.0,-1.0,-1.0,-1.0
812,812,lulesh,FAIL,9999.0,0,,0,-1.0,-1.0,-1.0,-1.0
813,813,lulesh,FAIL,9999.0,0,,0,-1.0,-1.0,-1.0,-1.0
814,814,lulesh,FAIL,9999.0,0,,0,-1.0,-1.0,-1.0,-1.0
815,815,lulesh,FAIL,9999.0,0,,0,-1.0,-1.0,-1.0,-1.0
816,816,lulesh,FAIL,-1.0,-1,-1,-1,0.0,1.0,0.36448341608047485,0.5021259188652039
817,817,lulesh,FAIL,9999.0,0,,0,-1.0,-1.0,-1.0,-1.0
818,818,lulesh,FAIL,-1.0,-1,-1,-1,0.0,0.0,0.34745514392852783,0.46752357482910156
819,819,lulesh,FAIL,9999.0,0,,0,-1.0,-1.0,-1.0,-1.0
820,820,lulesh,FAIL,-1.0,-1,-1,-1,0.0,1.0,0.39333027601242065,0.5030911564826965
821,821,lulesh,FAIL,9999.0,0,,0,-1.0,-1.0,-1.0,-1.0
822,822,lulesh,FAIL,-1.0,-1,-1,-1,0.0,0.0,0.23944874107837677,0.42680689692497253
823,823,lulesh,FAIL,9999.0,0,,0,-1.0,-1.0,-1.0,-1.0
824,824,lulesh,INVALID,15.239088,1, 1.5747268480482E-04,0,1.0,1.0,0.40386635065078735,0.5135396122932434
825,825,lulesh,FAIL,9999.0,0,,0,-1.0,-1.0,-1.0,-1.0
826,826,lulesh,FAIL,-1.0,-1,-1,-1,0.0,0.0,0.383018434047699,0.4796748161315918
827,827,lulesh,FAIL,9999.0,0,,0,-1.0,-1.0,-1.0,-1.0
828,828,lulesh,FAIL,-1.0,-1,-1,-1,0.0,0.0,0.3966538906097412,0.4913785457611084
829,829,lulesh,FAIL,9999.0,0,,0,-1.0,-1.0,-1.0,-1.0
830,830,lulesh,INVALID,16.168119,1, 5.9823478659382E-04,0,1.0,1.0,0.4198576509952545,0.5248502492904663
831,831,lulesh,FAIL,9999.0,0,,0,-1.0,-1.0,-1.0,-1.0
832,832,lulesh,INVALID,16.961057,0, 5.5696396233543E-02,0,1.0,1.0,0.40856805443763733,0.5194671154022217
833,833,lulesh,FAIL,9999.0,0,,0,-1.0,-1.0,-1.0,-1.0
834,834,lulesh,FAIL,-1.0,-1,-1,-1,0.0,1.0,0.38716763257980347,0.5086283683776855
835,835,lulesh,FAIL,9999.0,0,,0,-1.0,-1.0,-1.0,-1.0
836,836,lulesh,INVALID,13.465779,1, 3.1307526987803E-03,0,1.0,1.0,0.40741783380508423,0.5184532403945923
837,837,lulesh,FAIL,9999.0,0,,0,-1.0,-1.0,-1.0,-1.0
838,838,lulesh,FAIL,-1.0,-1,-1,-1,0.0,1.0,0.39806169271469116,0.5078286528587341
839,839,lulesh,FAIL,9999.0,0,,0,-1.0,-1.0,-1.0,-1.0
840,840,lulesh,FAIL,-1.0,-1,-1,-1,0.0,1.0,0.3962763547897339,0.5070760250091553
841,841,lulesh,FAIL,9999.0,0,,0,-1.0,-1.0,-1.0,-1.0
842,842,lulesh,FAIL,-1.0,-1,-1,-1,0.0,1.0,0.3983469307422638,0.5091335773468018
843,843,lulesh,FAIL,9999.0,0,,0,-1.0,-1.0,-1.0,-1.0
844,844,lulesh,FAIL,-1.0,-1,-1,-1,0.0,0.0,0.379059374332428,0.4944457411766052
845,845,lulesh,FAIL,9999.0,0,,0,-1.0,-1.0,-1.0,-1.0
846,846,lulesh,FAIL,-1.0,-1,-1,-1,0.0,0.0,0.30094030499458313,0.38246873021125793
847,847,lulesh,FAIL,9999.0,0,,0,-1.0,-1.0,-1.0,-1.0
848,848,lulesh,FAIL,9999.0,0,,0,1.0,1.0,0.4013274908065796,0.505596935749054
849,849,lulesh,FAIL,9999.0,0,,0,-1.0,-1.0,-1.0,-1.0
850,850,lulesh,INVALID,15.056479,1, 1.0492736205833E-02,0,1.0,1.0,0.4076278507709503,0.5187456011772156
851,851,lulesh,FAIL,9999.0,0,,0,-1.0,-1.0,-1.0,-1.0
852,852,lulesh,FAIL,-1.0,-1,-1,-1,0.0,1.0,0.39883458614349365,0.5099536776542664
853,853,lulesh,FAIL,9999.0,0,,0,-1.0,-1.0,-1.0,-1.0
854,854,lulesh,FAIL,-1.0,-1,-1,-1,0.0,0.0,0.32923343777656555,0.41389554738998413
855,855,lulesh,FAIL,9999.0,0,,0,-1.0,-1.0,-1.0,-1.0
856,856,lulesh,INVALID,15.354972,1, 1.4437599566008E-04,0,1.0,1.0,0.4134255647659302,0.525271475315094
857,857,lulesh,FAIL,9999.0,0,,0,-1.0,-1.0,-1.0,-1.0
858,858,lulesh,FAIL,9999.0,0,,0,-1.0,-1.0,-1.0,-1.0
859,859,lulesh,FAIL,9999.0,0,,0,-1.0,-1.0,-1.0,-1.0
860,860,lulesh,FAIL,-1.0,-1,-1,-1,0.0,0.0,0.3770037293434143,0.49115389585494995
861,861,lulesh,FAIL,9999.0,0,,0,-1.0,-1.0,-1.0,-1.0
862,862,lulesh,INVALID,19.280951,0, 1.9171639760316E-02,0,1.0,1.0,0.41118571162223816,0.5203577876091003
863,863,lulesh,FAIL,9999.0,0,,0,-1.0,-1.0,-1.0,-1.0
864,864,lulesh,VALID,18.2507644,0, 6.9869181970716E-05,1,1.0,1.0,0.4085566997528076,0.5187532305717468
865,865,lulesh,FAIL,9999.0,0,,0,-1.0,-1.0,-1.0,-1.0
866,866,lulesh,INVALID,14.710438,1, 4.1539383289546E-04,0,1.0,1.0,0.4077472984790802,0.5187521576881409
867,867,lulesh,FAIL,9999.0,0,,0,-1.0,-1.0,-1.0,-1.0
868,868,lulesh,VALID,17.2493048,0, 5.8496299971011E-05,1,1.0,1.0,0.4076365828514099,0.5187532305717468
869,869,lulesh,FAIL,9999.0,0,,0,-1.0,-1.0,-1.0,-1.0
870,870,lulesh,VALID,16.517021,1, 7.9978201029007E-05,1,1.0,1.0,0.4201180636882782,0.5270345211029053
871,871,lulesh,FAIL,9999.0,0,,0,-1.0,-1.0,-1.0,-1.0
872,872,lulesh,VALID,13.8427662,1, 7.9978201029007E-05,1,1.0,1.0,0.4201180636882782,0.5270345211029053
873,873,lulesh,FAIL,9999.0,0,,0,-1.0,-1.0,-1.0,-1.0
874,874,lulesh,VALID,13.523817399999999,1, 7.9978201029007E-05,1,1.0,1.0,0.4201180636882782,0.52703458070755
875,875,lulesh,FAIL,9999.0,0,,0,-1.0,-1.0,-1.0,-1.0
876,876,lulesh,FAIL,-1.0,-1,-1,-1,0.0,0.0,0.3435208797454834,0.436663419008255
877,877,lulesh,FAIL,9999.0,0,,0,-1.0,-1.0,-1.0,-1.0
878,878,lulesh,FAIL,-1.0,-1,-1,-1,0.0,0.0,0.2646515369415283,0.35116133093833923
879,879,lulesh,FAIL,9999.0,0,,0,-1.0,-1.0,-1.0,-1.0
880,880,lulesh,FAIL,-1.0,-1,-1,-1,0.0,0.0,0.30126217007637024,0.41519981622695923
881,881,lulesh,FAIL,9999.0,0,,0,-1.0,-1.0,-1.0,-1.0
882,882,lulesh,FAIL,-1.0,-1,-1,-1,0.0,1.0,0.3994695842266083,0.5105000138282776
883,883,lulesh,FAIL,9999.0,0,,0,-1.0,-1.0,-1.0,-1.0
884,884,lulesh,FAIL,-1.0,-1,-1,-1,0.0,0.0,0.378744512796402,0.4962744116783142
885,885,lulesh,FAIL,9999.0,0,,0,-1.0,-1.0,-1.0,-1.0
886,886,lulesh,FAIL,9999.0,0,,0,-1.0,-1.0,-1.0,-1.0
887,887,lulesh,FAIL,9999.0,0,,0,-1.0,-1.0,-1.0,-1.0
888,888,lulesh,VALID,13.7870882,1, 9.2440846856334E-05,1,1.0,1.0,0.4069705903530121,0.5074154138565063
889,889,lulesh,FAIL,9999.0,0,,0,-1.0,-1.0,-1.0,-1.0
890,890,lulesh,INVALID,13.835145,1, 1.0956505502691E-04,0,1.0,1.0,0.4187278151512146,0.5249030590057373
891,891,lulesh,FAIL,9999.0,0,,0,-1.0,-1.0,-1.0,-1.0
892,892,lulesh,INVALID,14.480591,1, 1.6494580813742E-04,0,1.0,1.0,0.4059322476387024,0.5166852474212646
893,893,lulesh,FAIL,9999.0,0,,0,-1.0,-1.0,-1.0,-1.0
894,894,lulesh,VALID,13.823026200000001,1, 7.9978201029007E-05,1,1.0,1.0,0.4201180636882782,0.5270344614982605
895,895,lulesh,FAIL,9999.0,0,,0,-1.0,-1.0,-1.0,-1.0
896,896,lulesh,FAIL,-1.0,-1,-1,-1,0.0,1.0,0.39968493580818176,0.5218440890312195
897,897,lulesh,FAIL,9999.0,0,,0,-1.0,-1.0,-1.0,-1.0
898,898,lulesh,VALID,13.712111199999999,1, 7.9978201029007E-05,1,1.0,1.0,0.4201180934906006,0.52703458070755
899,899,lulesh,FAIL,9999.0,0,,0,-1.0,-1.0,-1.0,-1.0
900,900,lulesh,VALID,13.7241524,1, 7.9978201029007E-05,1,1.0,1.0,0.4201180636882782,0.52703458070755
901,901,lulesh,FAIL,9999.0,0,,0,-1.0,-1.0,-1.0,-1.0
902,902,lulesh,INVALID,14.186329,1, 1.3057274213679E-04,0,1.0,1.0,0.4116148352622986,0.5193739533424377
903,903,lulesh,FAIL,9999.0,0,,0,-1.0,-1.0,-1.0,-1.0
904,904,lulesh,INVALID,14.999825,1, 1.7166739144159E-04,0,1.0,1.0,0.40854185819625854,0.5209271907806396
905,905,lulesh,FAIL,9999.0,0,,0,-1.0,-1.0,-1.0,-1.0
906,906,lulesh,INVALID,14.183697,1, 2.0464347107918E-04,0,1.0,1.0,0.40833646059036255,0.5184854865074158
907,907,lulesh,FAIL,9999.0,0,,0,-1.0,-1.0,-1.0,-1.0
908,908,lulesh,INVALID,14.184742,1, 2.2717213505530E-04,0,1.0,1.0,0.4080427289009094,0.5184842944145203
909,909,lulesh,FAIL,9999.0,0,,0,-1.0,-1.0,-1.0,-1.0
910,910,lulesh,INVALID,13.797807,1, 4.3298562923155E-04,0,1.0,1.0,0.4070948660373688,0.5184353590011597
911,911,lulesh,FAIL,9999.0,0,,0,-1.0,-1.0,-1.0,-1.0
912,912,lulesh,VALID,13.5301912,1, 7.9978201029007E-05,1,1.0,1.0,0.4201180636882782,0.5270345211029053
913,913,lulesh,FAIL,9999.0,0,,0,-1.0,-1.0,-1.0,-1.0
914,914,lulesh,VALID,13.413826799999999,1, 7.9978201029007E-05,1,1.0,1.0,0.4201180636882782,0.5270345211029053
915,915,lulesh,FAIL,9999.0,0,,0,-1.0,-1.0,-1.0,-1.0
916,916,lulesh,VALID,13.366643,1, 7.9978201029007E-05,1,1.0,1.0,0.4201180636882782,0.52703458070755
917,917,lulesh,FAIL,9999.0,0,,0,-1.0,-1.0,-1.0,-1.0
918,918,lulesh,VALID,13.473127999999999,1, 7.9978201029007E-05,1,1.0,1.0,0.4201180636882782,0.52703458070755
919,919,lulesh,FAIL,9999.0,0,,0,-1.0,-1.0,-1.0,-1.0
920,920,lulesh,INVALID,13.705704,1, 9.7989247751684E-04,0,1.0,1.0,0.407985657453537,0.519058108329773
921,921,lulesh,FAIL,9999.0,0,,0,-1.0,-1.0,-1.0,-1.0
922,922,lulesh,INVALID,14.354905,1, 2.2716010276781E-02,0,1.0,1.0,0.407874196767807,0.5190580487251282
923,923,lulesh,FAIL,9999.0,0,,0,-1.0,-1.0,-1.0,-1.0
924,924,lulesh,INVALID,13.825545,1, 1.0260597732440E-02,0,1.0,1.0,0.4085056185722351,0.5190623998641968
925,925,lulesh,FAIL,9999.0,0,,0,-1.0,-1.0,-1.0,-1.0
926,926,lulesh,FAIL,9999.0,0,,0,1.0,1.0,0.4161950647830963,0.521301805973053
927,927,lulesh,FAIL,9999.0,0,,0,-1.0,-1.0,-1.0,-1.0
928,928,lulesh,FAIL,9999.0,0,,0,-1.0,-1.0,-1.0,-1.0
929,929,lulesh,FAIL,9999.0,0,,0,-1.0,-1.0,-1.0,-1.0
930,930,lulesh,FAIL,9999.0,0,,0,-1.0,-1.0,-1.0,-1.0
931,931,lulesh,FAIL,9999.0,0,,0,-1.0,-1.0,-1.0,-1.0
932,932,lulesh,FAIL,9999.0,0,,0,-1.0,-1.0,-1.0,-1.0
933,933,lulesh,FAIL,9999.0,0,,0,-1.0,-1.0,-1.0,-1.0
934,934,lulesh,FAIL,9999.0,0,,0,-1.0,-1.0,-1.0,-1.0
935,935,lulesh,FAIL,9999.0,0,,0,-1.0,-1.0,-1.0,-1.0
